Customer_Num,Customer_Type,Customer_Subtype,Customer_Class,Operator,Delivery_Point,Priority
731081,J,1,J1,1000,19,4
456813,A,3,A3,4000,76,1
970429,E,1,E1,1000,1,2
960082,A,3,A3,4000,84,1
866245,E,2,E2,5000,99,3
953546,A,3,A3,3000,66,3
572605,D,1,D1,5000,96,4
778203,H,1,H1,1000,5,2
112748,A,2,A2,1000,14,3
581933,C,1,C1,4000,72,1
437096,B,1,B1,5000,93,2
518327,A,3,A3,5000,95,3
892109,G,1,G1,4000,86,1
824845,A,3,A3,1000,16,3
365581,H,1,H1,5000,93,1
614412,B,1,B1,1000,3,1
318592,B,2,B2,1000,8,3
366769,A,1,A1,5000,98,3
154181,E,3,E3,1000,1,3
844758,A,1,A1,1000,10,3
149280,J,1,J1,2000,33,4
775776,E,3,E3,3000,59,1
349101,A,1,A1,5000,95,2
285903,H,2,H2,5000,96,4
979681,A,3,A3,3000,49,2
715887,H,1,H1,3000,57,1
357839,E,3,E3,5000,98,3
263151,J,1,J1,4000,79,4
403617,A,1,A1,1000,9,2
231481,F,1,F1,1000,9,4
443973,A,1,A1,2000,34,3
912164,H,1,H1,3000,60,4
887957,H,2,H2,5000,95,2
403319,E,1,E1,3000,56,1
621569,C,2,C2,2000,30,3
483785,I,1,I1,2000,38,4
544124,A,3,A3,1000,17,2
303855,D,1,D1,1000,1,1
361574,A,3,A3,2000,30,4
833432,B,3,B3,3000,58,2
643266,G,2,G2,2000,31,3
296263,A,3,A3,4000,76,1
560280,J,1,J1,4000,88,4
931211,F,1,F1,1000,9,3
764430,C,2,C2,3000,49,1
117738,E,3,E3,4000,73,2
150689,F,1,F1,4000,88,1
435634,H,1,H1,3000,48,4
404203,B,2,B2,5000,90,1
683896,A,3,A3,1000,9,2
848955,A,2,A2,1000,3,1
591803,A,1,A1,5000,98,3
563975,A,2,A2,3000,54,2
319556,B,3,B3,3000,48,4
103954,E,2,E2,3000,47,3
927852,E,1,E1,3000,52,1
494354,B,2,B2,3000,61,3
581621,D,1,D1,3000,65,4
183609,D,1,D1,4000,71,2
279042,E,1,E1,4000,78,3
984482,C,1,C1,1000,20,1
302844,E,1,E1,3000,49,4
448916,A,2,A2,1000,11,3
678367,A,2,A2,5000,89,1
588537,C,2,C2,2000,40,3
460050,A,1,A1,3000,59,3
991648,C,1,C1,2000,37,2
837509,E,2,E2,5000,100,3
923704,A,1,A1,4000,79,2
334619,A,1,A1,5000,99,2
865660,C,1,C1,5000,89,4
458541,C,1,C1,4000,70,4
292837,B,1,B1,4000,83,3
437301,E,3,E3,5000,100,4
200667,B,3,B3,5000,92,2
814478,H,1,H1,1000,4,2
888898,D,2,D2,3000,64,1
453786,A,1,A1,2000,23,1
607247,H,1,H1,3000,56,1
224092,G,1,G1,1000,1,2
269010,C,1,C1,3000,43,4
967324,H,1,H1,5000,91,1
166646,A,3,A3,3000,63,1
175070,A,3,A3,3000,49,4
492173,I,1,I1,5000,95,1
616500,B,1,B1,1000,17,2
708250,C,1,C1,2000,39,4
369772,A,2,A2,2000,33,1
282966,C,2,C2,5000,95,3
184828,D,2,D2,2000,36,1
542036,G,1,G1,1000,22,4
349292,A,1,A1,3000,58,2
988989,A,2,A2,2000,30,3
750876,A,2,A2,2000,26,1
770866,I,1,I1,5000,94,4
349279,E,2,E2,3000,66,3
985460,H,1,H1,1000,9,2
910479,A,1,A1,4000,74,1
335983,J,1,J1,4000,77,4
201077,D,1,D1,4000,85,4
591696,D,1,D1,4000,87,2
936876,B,3,B3,3000,63,1
339319,C,1,C1,3000,61,3
599012,B,3,B3,5000,91,1
792467,I,1,I1,2000,31,3
325298,H,2,H2,1000,17,4
379822,H,2,H2,4000,77,2
171348,B,3,B3,3000,45,4
417617,A,3,A3,4000,71,1
892178,A,2,A2,2000,35,3
336945,J,1,J1,2000,38,4
170414,B,3,B3,3000,46,2
877047,B,3,B3,5000,91,1
548921,C,1,C1,1000,18,1
577056,H,1,H1,5000,91,3
290688,A,2,A2,2000,26,1
256621,E,2,E2,4000,86,2
280859,J,1,J1,2000,29,3
268713,B,2,B2,1000,21,3
560189,A,3,A3,2000,23,4
944281,B,3,B3,1000,22,2
651168,A,2,A2,3000,63,4
128282,J,1,J1,4000,84,2
261605,A,1,A1,3000,55,3
650896,G,2,G2,3000,62,4
829376,B,1,B1,4000,71,3
822492,D,1,D1,1000,19,2
958700,I,1,I1,3000,59,3
306114,A,1,A1,4000,76,3
941207,A,2,A2,3000,43,3
226621,I,1,I1,1000,16,3
628698,E,3,E3,2000,34,2
968082,G,2,G2,4000,68,1
145697,J,1,J1,3000,46,3
335782,E,3,E3,1000,4,3
208811,G,2,G2,1000,10,3
469706,E,2,E2,1000,4,4
915035,E,2,E2,2000,33,1
853945,A,2,A2,5000,93,2
949828,A,1,A1,1000,12,4
911335,A,2,A2,5000,94,1
372782,B,3,B3,3000,60,3
682846,F,1,F1,4000,85,4
275078,C,1,C1,1000,17,1
862222,B,3,B3,1000,4,4
572034,J,1,J1,5000,97,4
261776,J,1,J1,5000,97,1
140408,B,2,B2,3000,63,3
136713,I,1,I1,5000,100,4
205158,A,2,A2,5000,94,3
176111,A,1,A1,3000,45,3
837701,A,3,A3,5000,90,2
759901,C,1,C1,1000,8,3
417012,G,2,G2,2000,39,2
571329,A,1,A1,3000,58,2
707040,E,2,E2,1000,11,3
539300,J,1,J1,4000,71,3
491819,C,2,C2,2000,23,4
697824,E,2,E2,2000,33,1
339130,J,1,J1,3000,56,4
827824,G,2,G2,5000,92,4
518555,A,3,A3,4000,83,4
448694,H,1,H1,5000,95,4
588101,C,1,C1,1000,13,4
772943,J,1,J1,1000,7,4
106765,A,2,A2,2000,30,4
640717,B,3,B3,5000,93,2
536170,H,2,H2,1000,10,4
256427,A,1,A1,4000,77,1
714837,F,1,F1,1000,20,2
901375,B,3,B3,1000,17,3
373880,J,1,J1,4000,70,4
881240,D,1,D1,1000,12,1
516471,E,2,E2,4000,69,4
687658,E,3,E3,4000,75,1
245504,B,2,B2,5000,91,2
111334,C,1,C1,1000,8,2
585900,J,1,J1,5000,94,2
239197,A,1,A1,1000,10,1
215244,H,1,H1,4000,74,2
804155,A,2,A2,3000,44,4
948052,B,2,B2,2000,35,1
672311,A,3,A3,2000,23,2
119615,A,3,A3,1000,8,1
853095,J,1,J1,3000,48,3
379200,H,1,H1,5000,92,1
326650,H,1,H1,1000,5,2
689531,E,1,E1,2000,40,4
702431,C,1,C1,1000,2,4
290617,G,2,G2,2000,38,1
163278,G,1,G1,3000,55,4
903477,J,1,J1,1000,9,4
834669,H,2,H2,1000,21,1
880255,J,1,J1,3000,49,2
961947,A,3,A3,3000,59,3
461656,G,1,G1,2000,35,1
127961,A,1,A1,4000,70,2
901653,H,1,H1,2000,27,2
357356,B,3,B3,3000,41,4
311967,J,1,J1,1000,4,4
966290,J,1,J1,3000,42,2
885295,H,2,H2,3000,57,1
162128,A,3,A3,3000,58,2
809876,H,2,H2,3000,53,3
429037,D,1,D1,2000,27,3
311615,I,1,I1,2000,25,3
709347,C,1,C1,1000,19,3
549645,D,1,D1,5000,89,3
351739,A,1,A1,5000,100,4
545305,E,2,E2,2000,39,2
477605,H,1,H1,1000,16,2
825700,C,1,C1,1000,21,3
611772,I,1,I1,4000,80,4
869464,A,1,A1,4000,79,2
153175,J,1,J1,4000,70,4
914148,A,3,A3,4000,67,1
491695,J,1,J1,1000,11,4
307637,A,3,A3,3000,63,3
301988,A,1,A1,3000,49,1
185246,E,1,E1,5000,95,4
735175,J,1,J1,4000,80,1
457932,H,2,H2,1000,22,2
447221,A,1,A1,4000,77,2
596518,E,2,E2,5000,95,4
511099,E,2,E2,5000,96,3
451971,E,1,E1,5000,100,3
359014,B,3,B3,2000,31,3
975418,C,2,C2,5000,97,3
885987,C,2,C2,3000,54,2
836796,H,1,H1,1000,17,4
682176,I,1,I1,3000,59,4
463981,E,1,E1,4000,79,2
788427,B,1,B1,5000,98,3
428168,E,2,E2,1000,20,4
679784,A,2,A2,5000,98,1
722313,A,1,A1,1000,6,1
682936,G,1,G1,5000,90,1
513962,E,2,E2,4000,81,3
572399,E,2,E2,3000,45,2
158552,B,3,B3,5000,93,4
132431,E,2,E2,3000,47,3
935817,D,1,D1,4000,68,4
761084,A,2,A2,4000,83,4
388849,J,1,J1,5000,91,1
951748,D,2,D2,1000,2,3
163957,B,2,B2,1000,22,4
232054,A,2,A2,1000,21,1
514889,C,1,C1,1000,17,2
971791,B,2,B2,5000,99,3
578861,A,2,A2,1000,9,3
207185,E,2,E2,4000,72,4
666963,J,1,J1,5000,89,4
485097,B,3,B3,2000,24,4
382264,I,1,I1,3000,65,3
758664,H,2,H2,4000,76,2
517766,H,2,H2,3000,59,1
686420,C,2,C2,3000,60,4
717664,A,2,A2,3000,64,3
536071,A,1,A1,2000,24,3
316996,D,1,D1,5000,89,2
759770,A,1,A1,3000,48,4
531965,A,2,A2,4000,70,3
635440,B,1,B1,1000,9,4
901643,C,2,C2,2000,29,2
842209,E,3,E3,1000,12,1
660637,E,2,E2,5000,97,1
629257,J,1,J1,4000,85,2
840038,B,3,B3,4000,74,3
554346,F,1,F1,1000,5,1
434326,J,1,J1,2000,38,2
427213,G,2,G2,4000,67,1
858604,I,1,I1,4000,71,4
633763,H,2,H2,4000,81,4
326313,A,3,A3,1000,3,3
122140,A,3,A3,5000,93,3
544183,B,3,B3,5000,100,3
532673,F,1,F1,4000,67,1
986644,F,1,F1,3000,64,1
665777,A,2,A2,4000,72,3
441210,B,1,B1,2000,39,1
856275,J,1,J1,1000,22,1
766766,I,1,I1,4000,80,3
418494,D,1,D1,5000,98,1
509760,H,2,H2,3000,50,4
808580,D,1,D1,5000,96,4
694705,A,1,A1,2000,34,3
584380,J,1,J1,1000,4,4
698638,B,3,B3,3000,47,4
845280,D,1,D1,2000,33,4
330712,A,1,A1,4000,72,3
911438,H,1,H1,3000,65,3
927416,A,3,A3,1000,2,2
831719,G,2,G2,3000,56,1
734397,B,1,B1,3000,43,3
269427,I,1,I1,5000,96,1
821716,F,1,F1,4000,84,3
971895,B,1,B1,4000,82,4
102714,B,1,B1,5000,100,2
317451,E,3,E3,2000,38,3
856202,E,3,E3,4000,80,1
525890,A,3,A3,3000,63,1
194929,A,1,A1,5000,100,2
195711,B,3,B3,3000,61,3
611230,D,2,D2,1000,10,3
138628,A,1,A1,2000,25,4
484868,E,3,E3,4000,68,1
162135,A,3,A3,4000,76,4
430542,I,1,I1,3000,61,4
992095,E,3,E3,5000,92,3
758947,H,1,H1,4000,77,3
911622,E,1,E1,3000,48,3
521733,G,2,G2,2000,23,2
735721,C,1,C1,4000,74,3
765333,H,2,H2,2000,24,3
137209,B,3,B3,5000,99,4
430874,J,1,J1,1000,10,2
506244,E,3,E3,2000,34,2
472935,B,1,B1,3000,46,2
659756,I,1,I1,1000,8,2
246672,H,1,H1,1000,3,3
565823,A,2,A2,1000,7,4
213516,F,1,F1,1000,10,3
712673,B,2,B2,3000,48,3
826078,A,1,A1,1000,5,3
649232,C,1,C1,5000,93,2
447837,D,2,D2,5000,96,1
743472,J,1,J1,4000,86,2
431472,A,3,A3,2000,35,3
309526,C,2,C2,2000,31,4
278108,D,1,D1,5000,94,1
449285,C,2,C2,2000,24,3
946215,J,1,J1,3000,64,2
988730,G,1,G1,3000,42,1
196874,A,3,A3,3000,62,3
887639,A,3,A3,2000,24,3
402077,H,2,H2,4000,85,1
258992,G,1,G1,2000,33,4
946873,G,2,G2,4000,81,3
296020,A,3,A3,1000,1,2
225769,A,1,A1,2000,31,4
633950,F,1,F1,3000,60,1
732138,C,2,C2,5000,93,2
107705,F,1,F1,4000,70,3
302464,E,1,E1,5000,93,3
809213,A,1,A1,3000,63,3
463956,J,1,J1,4000,83,3
869543,C,2,C2,3000,51,1
993078,H,2,H2,3000,63,3
578666,G,2,G2,3000,55,3
583026,D,1,D1,5000,95,3
570618,B,1,B1,3000,63,2
486266,J,1,J1,4000,76,2
107873,H,2,H2,1000,18,4
640663,J,1,J1,2000,37,1
131932,A,1,A1,4000,88,3
524259,J,1,J1,1000,20,3
697325,A,1,A1,5000,90,2
258058,H,2,H2,5000,92,1
982549,H,1,H1,2000,24,1
177343,B,2,B2,1000,10,2
353889,G,1,G1,3000,62,4
108911,J,1,J1,4000,74,1
250220,A,1,A1,1000,21,1
666838,A,1,A1,3000,54,3
352275,B,3,B3,3000,65,3
116017,J,1,J1,5000,91,2
406108,A,2,A2,4000,88,2
784644,B,3,B3,5000,99,2
121059,C,1,C1,4000,80,2
374775,A,1,A1,3000,53,2
704140,B,3,B3,3000,44,4
335450,J,1,J1,2000,37,1
980580,I,1,I1,4000,79,4
991556,G,2,G2,2000,33,4
233572,C,1,C1,5000,98,4
880037,A,1,A1,3000,45,4
387905,J,1,J1,3000,62,4
965104,E,2,E2,3000,65,3
228549,C,1,C1,2000,26,4
213616,A,1,A1,1000,9,1
679791,B,1,B1,1000,9,4
354921,C,1,C1,3000,58,3
587241,B,3,B3,4000,86,4
308645,E,2,E2,5000,93,4
142694,H,2,H2,3000,56,2
583232,A,3,A3,5000,95,3
437334,A,3,A3,3000,61,1
388506,J,1,J1,2000,36,3
520864,G,2,G2,5000,91,1
476273,J,1,J1,4000,73,2
378708,J,1,J1,5000,93,1
855568,A,1,A1,2000,39,2
386768,C,2,C2,1000,14,1
145234,A,1,A1,5000,93,1
383788,A,1,A1,5000,97,3
977977,E,2,E2,2000,33,2
972959,A,2,A2,2000,39,1
387820,E,3,E3,5000,90,4
143984,C,2,C2,5000,93,1
321939,A,1,A1,4000,74,1
358347,E,3,E3,4000,74,2
960345,E,2,E2,4000,82,1
966996,G,1,G1,1000,6,3
739249,F,1,F1,3000,63,4
814384,A,3,A3,4000,77,2
632379,D,1,D1,1000,18,2
282786,A,1,A1,1000,7,3
882917,D,1,D1,1000,21,3
437971,I,1,I1,3000,60,2
500428,A,2,A2,5000,100,3
739784,D,2,D2,4000,78,4
880774,H,2,H2,3000,60,3
926082,A,1,A1,2000,36,2
664276,F,1,F1,2000,26,3
111081,G,1,G1,4000,84,2
241268,J,1,J1,1000,21,1
783263,E,1,E1,1000,7,3
380690,A,1,A1,2000,24,2
608384,I,1,I1,5000,99,1
727398,C,1,C1,4000,81,3
150132,I,1,I1,3000,56,2
815273,B,1,B1,3000,58,2
354912,A,2,A2,4000,85,2
115268,H,2,H2,3000,45,2
728653,H,2,H2,5000,98,4
464677,H,1,H1,5000,97,2
312215,F,1,F1,4000,78,4
382095,F,1,F1,5000,89,3
918657,B,3,B3,1000,18,4
376201,B,3,B3,3000,66,1
923540,A,2,A2,3000,62,2
625098,J,1,J1,5000,89,4
433835,J,1,J1,2000,23,4
744491,H,1,H1,2000,33,1
907211,I,1,I1,4000,80,4
864341,C,1,C1,3000,58,4
733867,I,1,I1,2000,36,3
923215,E,2,E2,3000,66,4
862027,A,2,A2,3000,50,2
748242,J,1,J1,5000,96,2
186903,G,2,G2,2000,40,2
850340,B,1,B1,5000,89,1
513343,A,3,A3,5000,97,3
226687,A,3,A3,1000,2,2
364372,I,1,I1,2000,35,1
873110,D,1,D1,3000,59,4
450787,F,1,F1,2000,35,2
347769,F,1,F1,1000,2,2
133378,C,1,C1,1000,2,1
222586,H,2,H2,1000,8,4
940726,J,1,J1,3000,57,2
408939,D,2,D2,1000,21,2
228159,J,1,J1,5000,89,3
273788,I,1,I1,3000,59,2
383950,B,2,B2,5000,89,2
626959,H,2,H2,4000,72,4
194183,H,1,H1,1000,17,4
587383,F,1,F1,4000,75,3
443255,A,1,A1,2000,39,3
730768,B,3,B3,5000,89,1
532641,C,2,C2,4000,73,2
514332,E,2,E2,1000,19,2
785282,B,2,B2,5000,100,3
730587,A,2,A2,5000,89,2
968550,A,1,A1,1000,1,3
892991,A,3,A3,4000,87,4
411420,H,2,H2,2000,37,1
548219,A,3,A3,1000,7,3
156782,A,2,A2,5000,92,4
376012,A,3,A3,5000,96,4
282072,G,1,G1,4000,70,3
692132,E,2,E2,2000,36,2
208945,A,1,A1,5000,96,4
980283,I,1,I1,3000,58,3
734096,F,1,F1,3000,59,2
320045,B,3,B3,2000,31,3
920010,B,3,B3,2000,24,3
259320,A,3,A3,3000,64,3
713612,I,1,I1,3000,55,4
608558,H,2,H2,5000,89,3
739495,J,1,J1,5000,92,1
494266,B,3,B3,3000,56,2
175190,E,1,E1,2000,31,2
477843,B,2,B2,1000,16,2
869899,A,1,A1,4000,83,3
755963,A,3,A3,4000,80,3
135363,J,1,J1,4000,72,2
468505,A,2,A2,5000,92,2
153093,H,1,H1,2000,27,2
210361,J,1,J1,1000,7,2
587534,J,1,J1,3000,41,3
577452,A,1,A1,5000,89,4
925163,B,1,B1,2000,27,1
388128,G,2,G2,1000,10,3
221592,G,2,G2,5000,91,3
125796,A,1,A1,1000,2,3
100027,E,2,E2,2000,40,1
974518,E,2,E2,4000,87,1
646252,B,2,B2,3000,42,3
105138,E,1,E1,1000,15,2
202393,A,2,A2,1000,18,3
125518,F,1,F1,1000,17,4
157647,A,3,A3,4000,76,1
558224,C,2,C2,4000,80,3
938595,E,3,E3,5000,92,4
516225,D,1,D1,2000,39,4
114223,C,1,C1,1000,20,3
231857,G,2,G2,1000,11,2
871889,C,1,C1,3000,63,3
663811,B,1,B1,1000,8,2
547406,A,1,A1,2000,30,1
205277,H,2,H2,1000,1,4
359288,J,1,J1,5000,99,3
229960,A,3,A3,3000,64,2
900524,A,3,A3,1000,8,3
104178,E,2,E2,5000,91,2
257924,B,1,B1,5000,96,2
488030,E,3,E3,5000,100,4
299289,B,2,B2,2000,33,4
521469,B,2,B2,3000,52,2
270521,C,2,C2,3000,63,3
257241,C,2,C2,3000,60,2
574258,J,1,J1,4000,81,4
883661,J,1,J1,2000,30,3
627962,C,2,C2,5000,100,4
771791,D,1,D1,5000,91,3
367053,A,1,A1,4000,74,2
197011,B,2,B2,3000,63,2
921415,A,3,A3,4000,81,2
658645,C,1,C1,4000,70,1
925004,A,3,A3,1000,2,4
456235,E,2,E2,2000,31,1
878505,E,2,E2,3000,42,3
434550,A,3,A3,3000,52,1
640175,A,1,A1,3000,44,1
795881,B,3,B3,1000,1,3
377816,D,1,D1,1000,22,2
633701,E,2,E2,4000,87,2
841167,A,1,A1,4000,74,3
640317,E,1,E1,3000,49,3
960334,B,3,B3,1000,11,3
284603,H,1,H1,1000,9,4
234401,B,1,B1,3000,60,2
455698,C,1,C1,3000,63,3
814060,J,1,J1,2000,28,3
529654,B,3,B3,3000,53,4
471608,A,1,A1,2000,37,3
477687,H,1,H1,4000,70,2
999650,J,1,J1,5000,91,3
250168,J,1,J1,5000,95,4
910351,E,3,E3,1000,19,1
581660,A,1,A1,2000,26,1
527741,E,2,E2,2000,29,3
954392,J,1,J1,3000,64,1
333272,H,1,H1,2000,38,2
940987,J,1,J1,5000,96,3
159919,J,1,J1,1000,2,3
534533,H,1,H1,5000,98,1
797025,D,1,D1,2000,36,3
164692,J,1,J1,5000,93,2
636390,F,1,F1,2000,37,1
651502,H,1,H1,1000,2,1
988954,G,2,G2,5000,94,2
946131,H,1,H1,2000,39,3
230084,E,1,E1,2000,36,1
233604,E,2,E2,2000,28,4
485751,E,2,E2,5000,99,1
532568,A,1,A1,2000,27,4
755669,J,1,J1,1000,8,1
160347,F,1,F1,3000,57,3
395852,D,1,D1,1000,16,3
402594,A,1,A1,3000,64,1
258256,A,2,A2,2000,36,2
828349,A,1,A1,1000,17,1
444568,J,1,J1,5000,96,1
852059,E,2,E2,5000,91,1
839352,J,1,J1,3000,64,1
797712,A,1,A1,4000,68,1
913045,I,1,I1,3000,50,3
136240,C,1,C1,1000,6,1
675173,C,1,C1,4000,86,4
249732,G,2,G2,2000,38,1
768920,E,3,E3,4000,82,3
542767,F,1,F1,1000,20,3
500421,B,2,B2,4000,67,2
655606,A,2,A2,4000,88,3
719496,E,3,E3,3000,50,3
702791,A,1,A1,2000,25,3
140336,C,2,C2,3000,66,2
768382,C,2,C2,1000,17,2
272343,H,1,H1,2000,24,2
581240,C,1,C1,2000,35,4
434946,A,2,A2,1000,9,3
249061,I,1,I1,4000,75,3
771377,F,1,F1,5000,92,3
645990,C,2,C2,5000,92,4
291361,E,3,E3,3000,43,4
355642,D,1,D1,3000,47,1
468183,C,2,C2,1000,12,3
973937,B,2,B2,1000,2,1
597625,E,3,E3,3000,65,3
713189,E,2,E2,1000,3,2
615767,J,1,J1,4000,72,4
704716,J,1,J1,4000,83,2
797103,D,2,D2,2000,28,2
830835,B,1,B1,4000,73,2
440657,B,3,B3,1000,10,1
423574,C,1,C1,4000,67,4
372370,J,1,J1,1000,2,1
448702,J,1,J1,2000,23,1
474472,A,3,A3,2000,27,4
243090,B,1,B1,5000,100,4
150274,C,1,C1,3000,59,3
566049,D,1,D1,3000,60,1
884544,E,3,E3,3000,48,1
951994,A,1,A1,1000,4,4
512426,B,3,B3,2000,32,2
318691,F,1,F1,1000,12,2
885079,J,1,J1,3000,43,1
977071,I,1,I1,3000,43,2
864027,B,1,B1,1000,2,1
278833,H,1,H1,5000,99,4
312299,A,3,A3,2000,34,1
756770,C,1,C1,2000,23,4
757204,D,1,D1,4000,83,3
972632,I,1,I1,3000,50,4
864233,A,1,A1,1000,21,3
273134,H,1,H1,4000,72,4
649805,D,1,D1,4000,78,1
172629,J,1,J1,4000,86,1
983595,G,1,G1,4000,88,1
440165,E,2,E2,1000,8,1
338816,J,1,J1,2000,35,2
136515,G,1,G1,1000,12,3
102913,B,1,B1,2000,27,1
184951,C,1,C1,2000,38,2
877008,D,1,D1,4000,81,4
543613,G,2,G2,3000,62,2
253685,G,1,G1,4000,85,1
195251,J,1,J1,3000,54,1
954473,A,1,A1,4000,68,3
540040,A,1,A1,3000,49,4
490773,A,3,A3,5000,95,2
165548,F,1,F1,3000,50,3
144490,B,1,B1,1000,4,1
682455,B,3,B3,1000,14,4
532528,B,2,B2,4000,87,1
833966,B,3,B3,5000,89,3
295635,J,1,J1,3000,58,1
703331,I,1,I1,2000,27,3
135186,A,2,A2,1000,12,2
288634,J,1,J1,5000,92,2
856536,A,1,A1,5000,98,3
583856,E,2,E2,5000,96,3
905702,I,1,I1,4000,69,4
398167,J,1,J1,3000,64,4
345522,E,2,E2,1000,1,4
164042,A,2,A2,5000,98,1
157170,A,1,A1,5000,98,3
273543,J,1,J1,3000,60,2
775993,B,2,B2,2000,40,3
115428,A,3,A3,3000,61,2
109824,C,1,C1,2000,24,4
405207,F,1,F1,2000,24,2
425265,J,1,J1,4000,79,2
351937,A,1,A1,3000,62,2
607427,B,3,B3,5000,94,3
179251,C,1,C1,5000,92,2
294374,H,1,H1,5000,96,2
249572,A,2,A2,5000,93,1
996383,A,3,A3,3000,41,4
495992,J,1,J1,1000,3,2
453351,C,1,C1,2000,28,4
643793,H,2,H2,4000,81,2
832979,E,1,E1,4000,83,1
206254,A,1,A1,1000,16,2
426590,D,1,D1,5000,99,2
280455,C,1,C1,5000,100,3
193098,J,1,J1,1000,7,3
644507,G,2,G2,1000,22,2
474544,A,1,A1,2000,26,2
890658,A,2,A2,2000,26,1
928767,H,1,H1,2000,29,2
655661,H,2,H2,2000,34,2
653338,A,3,A3,3000,45,3
971115,G,2,G2,3000,58,4
501139,B,2,B2,4000,71,2
111431,I,1,I1,3000,60,2
138330,J,1,J1,5000,96,3
865370,A,2,A2,4000,75,3
501953,G,2,G2,2000,35,3
874933,B,1,B1,5000,93,3
631534,A,2,A2,3000,65,4
170655,C,2,C2,2000,24,3
996197,D,2,D2,5000,92,2
561833,I,1,I1,2000,31,4
318534,G,1,G1,2000,32,3
318621,J,1,J1,4000,73,3
238620,H,1,H1,4000,87,1
249642,H,1,H1,4000,85,2
275468,B,1,B1,4000,79,4
690553,A,1,A1,3000,66,3
137446,F,1,F1,2000,26,3
295672,A,2,A2,2000,34,1
897262,B,3,B3,3000,52,3
551270,B,1,B1,5000,91,1
770021,A,3,A3,5000,91,4
624605,J,1,J1,1000,13,4
403970,J,1,J1,4000,67,4
908826,G,1,G1,3000,42,1
873021,A,2,A2,3000,57,3
802117,C,1,C1,3000,65,1
649557,A,2,A2,5000,100,4
651015,A,1,A1,3000,57,3
547292,H,1,H1,5000,92,1
179140,A,1,A1,2000,29,1
278202,A,3,A3,1000,21,1
415898,H,1,H1,1000,20,2
119601,H,2,H2,5000,91,2
662997,E,1,E1,3000,48,4
866499,J,1,J1,4000,69,3
216907,D,1,D1,2000,23,1
210905,B,1,B1,4000,67,2
812848,A,3,A3,2000,30,2
178012,B,3,B3,5000,98,3
584845,D,2,D2,2000,26,1
821156,D,1,D1,5000,98,4
333563,C,1,C1,5000,98,2
775015,F,1,F1,1000,20,3
216774,D,1,D1,4000,82,3
939251,A,3,A3,4000,72,3
495778,A,1,A1,4000,76,4
696341,A,2,A2,1000,13,1
146248,I,1,I1,5000,97,2
722996,B,1,B1,4000,84,3
792546,D,1,D1,2000,35,1
211805,F,1,F1,3000,49,4
486077,E,2,E2,5000,94,2
283826,J,1,J1,1000,20,4
772339,A,1,A1,3000,49,1
458528,J,1,J1,2000,37,1
911118,J,1,J1,3000,41,4
344338,J,1,J1,1000,13,3
855924,C,1,C1,4000,81,2
758737,C,2,C2,3000,65,1
261500,J,1,J1,5000,97,1
989188,D,1,D1,2000,40,2
340058,A,1,A1,5000,96,2
326465,A,2,A2,2000,30,3
712737,B,1,B1,4000,67,4
116491,J,1,J1,5000,99,1
597930,J,1,J1,5000,95,2
649825,I,1,I1,3000,65,2
985715,A,1,A1,2000,40,3
213157,B,1,B1,1000,17,3
913527,J,1,J1,5000,89,4
812152,J,1,J1,2000,30,2
120930,D,1,D1,5000,98,3
153841,C,1,C1,5000,93,4
848873,A,1,A1,1000,1,1
569002,A,3,A3,2000,27,2
220730,A,1,A1,4000,72,1
252215,J,1,J1,2000,36,2
610681,B,2,B2,5000,92,3
670718,J,1,J1,5000,89,4
885386,A,1,A1,1000,12,3
515768,A,1,A1,3000,56,2
202448,F,1,F1,5000,91,4
717747,A,1,A1,3000,62,4
866329,J,1,J1,5000,95,2
511508,A,2,A2,5000,98,1
952664,H,2,H2,3000,50,2
917340,F,1,F1,2000,26,4
204005,C,1,C1,1000,7,4
968611,A,3,A3,3000,49,4
635443,C,1,C1,5000,95,4
729703,C,1,C1,2000,26,2
545100,H,1,H1,3000,60,4
143990,E,2,E2,3000,48,4
308680,J,1,J1,1000,17,4
187442,H,2,H2,2000,30,1
903963,G,2,G2,5000,100,2
944159,E,3,E3,4000,75,4
429334,J,1,J1,4000,84,2
732465,A,1,A1,1000,1,1
384668,C,1,C1,3000,51,4
389321,B,3,B3,3000,48,3
729530,C,1,C1,1000,16,1
655398,G,2,G2,2000,38,4
657801,J,1,J1,5000,100,2
856114,A,2,A2,4000,80,4
716298,C,1,C1,3000,45,3
235457,C,1,C1,1000,4,1
593047,C,1,C1,1000,3,3
224246,J,1,J1,3000,58,1
171288,E,1,E1,4000,75,2
451491,G,2,G2,1000,22,1
694659,B,2,B2,3000,48,4
107528,G,2,G2,3000,51,2
891738,H,1,H1,5000,97,2
474289,C,2,C2,2000,30,3
466959,I,1,I1,3000,43,1
728181,B,1,B1,3000,51,1
966443,E,3,E3,4000,80,1
122350,A,3,A3,1000,1,2
583912,C,1,C1,2000,30,4
318517,E,3,E3,2000,23,2
880803,A,3,A3,5000,91,1
738262,A,1,A1,1000,15,4
993616,E,3,E3,5000,96,1
372895,C,2,C2,1000,15,4
755413,A,2,A2,2000,26,2
330721,A,2,A2,4000,78,2
922528,I,1,I1,4000,75,2
678127,H,1,H1,4000,81,4
557049,A,1,A1,4000,67,3
239206,B,1,B1,1000,2,3
935258,F,1,F1,4000,68,2
954345,A,3,A3,2000,28,1
869216,A,1,A1,4000,78,3
410241,B,1,B1,1000,18,4
608487,B,1,B1,4000,74,2
874164,B,1,B1,2000,26,4
768933,C,2,C2,4000,73,3
277038,E,1,E1,2000,35,4
179087,A,3,A3,1000,19,1
714468,J,1,J1,4000,84,1
427090,I,1,I1,5000,100,3
136521,H,2,H2,3000,58,4
540774,E,2,E2,4000,73,1
890502,A,2,A2,4000,86,2
800472,B,2,B2,4000,81,2
305189,D,1,D1,1000,13,3
634948,A,1,A1,4000,84,4
136968,C,2,C2,2000,35,1
498024,I,1,I1,5000,92,1
513042,A,1,A1,5000,93,4
196545,A,1,A1,2000,25,1
584281,G,1,G1,2000,31,3
264792,F,1,F1,5000,96,3
902237,A,3,A3,4000,83,3
340970,F,1,F1,5000,96,2
188748,E,3,E3,4000,88,3
347724,C,1,C1,1000,15,3
846795,I,1,I1,1000,6,4
570279,J,1,J1,4000,84,1
979052,A,3,A3,2000,33,4
180583,C,1,C1,2000,28,1
508837,I,1,I1,1000,10,2
102716,C,2,C2,2000,27,2
624157,G,2,G2,5000,89,3
131770,H,1,H1,4000,82,1
122394,A,1,A1,3000,43,1
870004,E,2,E2,1000,18,3
838458,E,2,E2,5000,100,2
625724,C,2,C2,3000,46,1
812034,B,1,B1,3000,64,3
566057,J,1,J1,4000,74,1
871833,H,1,H1,1000,1,2
600316,H,2,H2,1000,9,2
110700,E,1,E1,4000,81,4
107254,C,2,C2,2000,30,1
116243,C,2,C2,2000,26,4
678196,I,1,I1,3000,49,2
476234,E,1,E1,3000,60,3
695024,A,3,A3,1000,12,3
730016,G,1,G1,5000,94,2
291016,F,1,F1,5000,91,3
902122,J,1,J1,5000,97,4
527776,E,1,E1,3000,44,4
133041,D,1,D1,5000,89,2
608007,J,1,J1,4000,77,3
192295,G,1,G1,4000,79,1
607144,B,1,B1,1000,18,3
358499,H,1,H1,3000,65,3
637151,A,3,A3,3000,50,2
388998,F,1,F1,4000,75,1
350853,H,1,H1,4000,84,4
876823,F,1,F1,4000,74,2
409899,J,1,J1,3000,51,3
622995,B,3,B3,3000,52,2
703659,B,3,B3,3000,58,2
686491,J,1,J1,4000,80,2
649535,A,2,A2,3000,45,3
819243,E,1,E1,2000,23,2
554299,J,1,J1,5000,91,1
721727,E,3,E3,2000,25,3
100865,H,1,H1,2000,31,3
265828,G,2,G2,5000,89,2
607416,B,2,B2,3000,46,1
448480,A,3,A3,3000,58,2
862745,B,3,B3,2000,24,1
107524,C,1,C1,5000,99,2
484908,E,3,E3,5000,94,3
792345,G,1,G1,1000,8,3
805409,B,2,B2,5000,98,3
200921,C,1,C1,4000,88,2
703146,J,1,J1,2000,38,3
430803,A,2,A2,2000,27,4
160284,I,1,I1,4000,85,1
680329,A,1,A1,1000,6,2
996947,H,1,H1,2000,30,4
564349,F,1,F1,5000,91,2
260698,F,1,F1,3000,65,4
526424,C,1,C1,4000,68,3
467622,A,1,A1,3000,64,1
306791,H,2,H2,3000,65,3
567496,B,1,B1,1000,9,2
335114,A,1,A1,2000,30,4
661761,A,1,A1,2000,30,4
337474,H,1,H1,4000,88,3
266455,C,1,C1,2000,23,3
146666,B,1,B1,4000,74,3
638926,C,1,C1,5000,92,4
497507,A,1,A1,2000,40,2
141969,J,1,J1,5000,98,2
839353,A,3,A3,2000,27,3
910490,E,3,E3,4000,86,1
782303,A,2,A2,5000,99,1
638606,B,1,B1,2000,27,3
491370,A,3,A3,1000,20,3
972350,A,2,A2,3000,54,2
469617,F,1,F1,2000,27,1
882576,C,2,C2,1000,1,3
253513,A,1,A1,1000,6,3
226479,C,1,C1,3000,65,4
446905,C,2,C2,1000,7,2
893042,G,1,G1,1000,20,1
477103,B,1,B1,2000,36,3
745163,H,1,H1,1000,18,4
577210,A,1,A1,3000,45,2
881564,A,1,A1,3000,59,4
463431,C,1,C1,2000,38,4
894141,A,2,A2,1000,2,3
142819,A,3,A3,4000,75,3
592844,A,1,A1,5000,94,3
731107,E,1,E1,3000,66,4
275916,A,2,A2,2000,31,4
433132,J,1,J1,2000,35,3
120817,B,2,B2,4000,77,3
355051,A,1,A1,3000,47,2
390907,J,1,J1,1000,6,4
821048,C,2,C2,1000,14,3
869644,A,1,A1,2000,27,3
711215,H,1,H1,1000,14,1
843591,H,2,H2,1000,14,4
817515,C,2,C2,2000,40,4
996279,J,1,J1,2000,23,4
473186,B,1,B1,2000,29,4
102452,B,2,B2,5000,98,2
295755,G,1,G1,4000,88,3
933418,I,1,I1,5000,99,1
417849,C,2,C2,2000,40,1
692702,E,2,E2,2000,26,2
619092,H,2,H2,4000,77,2
960330,F,1,F1,4000,73,4
363199,E,2,E2,2000,36,2
353984,E,2,E2,1000,13,2
195658,I,1,I1,4000,75,2
356650,B,1,B1,4000,79,2
396249,I,1,I1,2000,39,2
772663,D,1,D1,5000,90,3
952929,E,3,E3,2000,39,4
214670,A,1,A1,5000,93,2
858003,E,3,E3,4000,82,2
729239,B,3,B3,1000,6,3
165639,G,1,G1,4000,86,4
328541,A,3,A3,5000,91,2
193650,A,1,A1,4000,85,3
348338,C,1,C1,3000,59,4
264493,A,2,A2,1000,6,3
507185,D,1,D1,3000,50,1
153697,F,1,F1,2000,37,4
981732,B,2,B2,2000,28,4
790586,I,1,I1,5000,93,2
375867,A,3,A3,3000,44,1
547561,J,1,J1,5000,90,1
759116,I,1,I1,3000,42,1
462062,C,2,C2,4000,86,2
371252,A,2,A2,5000,89,2
360511,C,1,C1,4000,83,2
611262,H,1,H1,3000,64,1
185885,A,2,A2,1000,3,1
132361,A,3,A3,3000,47,2
924171,G,1,G1,4000,81,2
704723,A,1,A1,2000,37,4
977596,J,1,J1,4000,88,3
321160,B,3,B3,4000,68,4
368100,F,1,F1,5000,94,1
522815,A,1,A1,3000,58,2
383206,A,3,A3,5000,97,3
333582,C,2,C2,5000,96,4
658599,E,2,E2,4000,73,4
900442,J,1,J1,3000,48,2
903990,J,1,J1,4000,71,1
430650,D,1,D1,4000,84,2
116724,J,1,J1,1000,9,4
709830,J,1,J1,2000,32,1
464891,J,1,J1,5000,90,2
510717,A,1,A1,4000,81,1
996443,A,1,A1,3000,47,3
533286,A,3,A3,2000,28,4
706616,C,1,C1,3000,48,1
422413,A,1,A1,3000,64,2
951121,A,1,A1,5000,91,1
168689,B,1,B1,2000,33,4
900858,C,1,C1,3000,59,2
667227,I,1,I1,1000,21,1
280471,C,2,C2,3000,47,3
725701,E,2,E2,4000,75,3
335271,G,2,G2,5000,99,1
978332,I,1,I1,4000,82,4
548302,F,1,F1,3000,55,2
616678,E,2,E2,4000,85,4
101691,A,1,A1,2000,29,3
140947,I,1,I1,4000,81,1
174979,E,2,E2,3000,64,2
474568,J,1,J1,4000,84,4
207862,B,1,B1,3000,61,2
503104,G,2,G2,5000,95,2
662075,A,3,A3,5000,94,3
528529,E,3,E3,1000,3,2
186312,E,3,E3,4000,76,1
890459,H,2,H2,4000,75,1
607581,B,3,B3,5000,99,4
358277,A,2,A2,1000,10,4
696426,E,1,E1,3000,44,2
136126,A,1,A1,4000,84,1
428381,F,1,F1,2000,29,4
354153,E,2,E2,2000,23,1
284247,E,3,E3,3000,43,4
975729,J,1,J1,1000,3,3
922749,J,1,J1,3000,49,1
326175,G,1,G1,5000,98,2
927228,A,1,A1,2000,39,1
710372,J,1,J1,3000,57,1
240286,A,3,A3,4000,78,2
604887,J,1,J1,2000,33,4
642211,A,2,A2,4000,81,3
870683,A,2,A2,5000,97,3
158664,D,1,D1,1000,9,4
891348,D,1,D1,3000,43,2
234438,E,2,E2,3000,64,3
667347,B,1,B1,5000,94,1
517798,A,2,A2,5000,97,1
566994,J,1,J1,5000,89,4
606851,A,3,A3,3000,47,4
377865,E,2,E2,4000,75,3
847341,A,1,A1,3000,52,3
842249,J,1,J1,1000,17,1
666454,A,2,A2,3000,59,2
631924,C,2,C2,4000,67,4
434813,A,2,A2,3000,52,4
999978,E,2,E2,1000,21,2
159096,B,1,B1,2000,31,4
851395,A,2,A2,5000,97,1
717766,A,1,A1,2000,36,3
949389,J,1,J1,4000,83,3
697464,B,3,B3,1000,11,1
745026,A,1,A1,1000,13,2
232504,C,1,C1,3000,44,1
973661,J,1,J1,4000,78,4
221613,A,3,A3,5000,99,4
699456,E,2,E2,2000,30,1
406974,C,1,C1,3000,57,2
208909,C,2,C2,1000,13,3
355167,C,1,C1,5000,98,3
328033,B,3,B3,3000,49,4
479189,E,2,E2,2000,38,4
307729,H,1,H1,3000,42,4
345766,B,2,B2,2000,38,2
399375,C,1,C1,1000,7,3
519286,H,1,H1,1000,3,4
844979,H,2,H2,2000,28,1
261686,E,2,E2,1000,11,2
746154,J,1,J1,4000,81,1
575730,H,1,H1,5000,98,3
354876,B,1,B1,3000,63,3
277813,J,1,J1,1000,18,2
560196,E,1,E1,2000,32,3
151476,D,1,D1,5000,100,3
854496,H,2,H2,3000,43,1
848125,H,2,H2,4000,68,4
879620,A,2,A2,5000,92,2
670220,A,1,A1,4000,74,2
991640,E,3,E3,2000,37,2
853024,J,1,J1,1000,2,2
863704,H,1,H1,3000,55,1
748396,D,1,D1,1000,3,2
278681,J,1,J1,4000,81,1
312600,G,2,G2,3000,55,4
332510,E,3,E3,5000,90,4
795996,B,3,B3,1000,4,2
633788,H,1,H1,3000,48,3
351790,A,1,A1,1000,6,2
477862,E,1,E1,2000,36,1
233968,A,2,A2,2000,30,3
718592,C,1,C1,2000,24,1
263398,J,1,J1,3000,54,1
281992,J,1,J1,5000,96,3
885796,B,1,B1,1000,12,1
165169,J,1,J1,4000,67,3
808259,G,2,G2,3000,54,3
983630,I,1,I1,3000,53,2
838165,B,3,B3,2000,39,4
665707,A,3,A3,3000,44,3
131435,J,1,J1,2000,32,1
828326,H,2,H2,5000,91,2
989960,A,3,A3,1000,22,3
230592,J,1,J1,2000,24,1
415112,B,1,B1,3000,49,3
448137,I,1,I1,1000,1,4
764193,B,3,B3,3000,56,4
192046,C,2,C2,2000,25,1
709349,A,1,A1,1000,9,4
104848,E,3,E3,2000,37,4
168168,A,3,A3,1000,19,3
221516,J,1,J1,1000,21,3
397890,J,1,J1,1000,8,3
802321,F,1,F1,1000,18,4
829270,C,2,C2,5000,96,2
115704,E,3,E3,4000,86,2
508708,H,1,H1,4000,88,3
702919,J,1,J1,5000,94,1
761599,D,1,D1,4000,68,2
337913,F,1,F1,3000,58,3
167033,G,2,G2,4000,77,3
301722,D,1,D1,4000,81,3
164844,E,2,E2,3000,49,1
709282,C,2,C2,5000,91,1
317582,D,2,D2,1000,22,2
845795,F,1,F1,2000,30,1
638282,H,2,H2,3000,51,4
838477,J,1,J1,1000,5,2
120759,C,1,C1,1000,11,3
325525,G,1,G1,1000,8,3
612797,A,1,A1,2000,32,1
844183,B,3,B3,2000,30,2
771799,H,1,H1,4000,67,2
820833,B,2,B2,3000,61,2
615181,A,3,A3,2000,37,4
641264,A,1,A1,2000,29,4
213400,B,1,B1,1000,20,4
905023,B,2,B2,1000,13,1
335141,B,3,B3,3000,43,2
156564,F,1,F1,1000,16,3
632815,H,1,H1,3000,54,3
504252,B,1,B1,5000,91,3
866146,F,1,F1,3000,43,3
769835,C,1,C1,3000,45,2
909629,C,2,C2,1000,21,3
327867,I,1,I1,2000,35,2
473564,D,1,D1,5000,95,4
311566,A,2,A2,2000,24,3
703204,A,2,A2,4000,73,2
666467,B,3,B3,1000,9,2
785091,A,1,A1,2000,27,2
713576,D,1,D1,1000,4,2
707204,A,3,A3,5000,90,1
866963,I,1,I1,3000,61,4
548483,J,1,J1,3000,54,1
306056,J,1,J1,5000,98,4
192346,J,1,J1,3000,63,4
362530,J,1,J1,4000,70,4
142091,A,1,A1,2000,35,3
526523,E,3,E3,4000,69,3
422967,C,1,C1,2000,40,1
764144,A,3,A3,2000,36,3
276691,J,1,J1,3000,53,4
156184,G,2,G2,4000,80,3
346837,C,1,C1,5000,90,2
381602,A,2,A2,5000,93,1
734296,C,2,C2,1000,1,2
225818,B,2,B2,1000,12,1
616787,C,1,C1,3000,61,3
590251,B,1,B1,4000,75,4
453687,D,1,D1,2000,38,2
187299,F,1,F1,5000,95,1
832191,H,1,H1,3000,42,1
389655,B,2,B2,2000,37,4
752500,A,3,A3,4000,78,1
254561,E,1,E1,2000,38,1
368481,C,2,C2,2000,39,3
797604,A,1,A1,2000,34,2
512998,B,1,B1,1000,14,4
739525,H,1,H1,5000,96,3
259542,B,3,B3,5000,97,1
367392,F,1,F1,4000,85,3
687677,A,1,A1,1000,20,1
789757,A,2,A2,5000,90,1
951280,C,1,C1,1000,10,3
824586,A,3,A3,4000,71,2
448156,G,1,G1,3000,59,3
229085,J,1,J1,4000,87,1
271448,C,1,C1,1000,14,3
192953,J,1,J1,2000,25,1
583786,J,1,J1,1000,20,1
510580,C,1,C1,3000,49,4
345651,D,1,D1,5000,92,1
451102,C,2,C2,1000,5,4
723622,J,1,J1,1000,9,3
650992,F,1,F1,3000,57,1
379902,F,1,F1,5000,90,1
331737,A,3,A3,1000,4,4
335137,C,1,C1,2000,27,1
203734,H,1,H1,4000,76,2
993086,H,1,H1,2000,35,4
293375,G,1,G1,3000,54,4
433845,I,1,I1,2000,39,2
301450,A,3,A3,3000,50,1
976117,H,1,H1,1000,16,3
303558,A,1,A1,3000,46,1
977379,A,3,A3,5000,94,1
902454,J,1,J1,5000,95,3
982511,F,1,F1,4000,88,2
268338,B,3,B3,1000,9,4
338807,B,3,B3,3000,50,2
400918,E,2,E2,1000,12,4
726502,A,2,A2,5000,92,3
672612,B,1,B1,2000,35,2
778131,B,1,B1,1000,19,1
503644,H,1,H1,4000,72,4
834925,J,1,J1,5000,94,4
426994,A,3,A3,2000,28,4
482572,A,1,A1,1000,20,3
160969,D,1,D1,5000,96,1
847823,H,1,H1,2000,40,1
757515,F,1,F1,3000,46,3
937026,E,1,E1,4000,73,1
630080,A,1,A1,1000,7,2
124781,E,2,E2,2000,32,3
930731,A,1,A1,5000,98,2
464634,B,3,B3,3000,51,3
873072,B,3,B3,3000,57,1
130323,B,1,B1,5000,91,2
719937,H,1,H1,1000,1,3
281594,E,1,E1,3000,61,4
148316,J,1,J1,3000,53,4
870768,F,1,F1,3000,46,4
903073,J,1,J1,4000,83,1
809055,B,1,B1,2000,38,3
397074,E,1,E1,1000,9,2
532019,B,1,B1,4000,71,2
690945,B,1,B1,1000,18,3
133122,H,2,H2,5000,93,3
190454,E,3,E3,1000,1,3
883427,C,1,C1,1000,12,2
309658,B,2,B2,2000,35,1
142682,A,3,A3,4000,87,2
634277,D,1,D1,2000,38,1
406727,B,1,B1,2000,26,2
690201,G,2,G2,4000,73,4
996959,H,1,H1,3000,60,3
642430,C,2,C2,2000,40,3
550694,B,3,B3,1000,6,1
427843,A,3,A3,3000,62,4
480173,B,2,B2,3000,53,4
693033,D,1,D1,2000,29,1
625365,J,1,J1,5000,98,3
790941,A,1,A1,1000,3,1
464201,A,1,A1,1000,19,1
386787,H,2,H2,3000,64,3
722700,J,1,J1,1000,20,4
213063,E,1,E1,3000,58,1
201529,B,3,B3,1000,16,4
825273,A,1,A1,2000,33,4
524390,J,1,J1,2000,37,2
140665,I,1,I1,5000,100,3
504476,E,2,E2,4000,72,3
368904,E,3,E3,4000,78,3
774443,A,1,A1,1000,20,3
942988,D,1,D1,2000,30,1
237171,F,1,F1,3000,49,4
482114,D,1,D1,2000,39,4
282843,D,1,D1,5000,92,1
620962,G,1,G1,5000,90,3
173158,A,1,A1,5000,89,1
903379,J,1,J1,1000,9,1
628669,B,3,B3,5000,89,2
602359,G,1,G1,2000,38,3
680373,I,1,I1,5000,97,4
150686,D,1,D1,5000,89,3
689090,D,1,D1,3000,52,2
326297,A,1,A1,5000,100,1
729790,E,3,E3,5000,93,1
520519,J,1,J1,4000,87,4
234512,B,1,B1,2000,36,1
365524,E,3,E3,1000,11,4
855297,B,1,B1,5000,99,1
930216,B,2,B2,3000,66,3
164818,E,3,E3,5000,89,3
900525,C,2,C2,2000,24,3
472625,A,3,A3,4000,77,4
212292,A,3,A3,5000,97,1
420407,B,3,B3,1000,15,3
554648,A,1,A1,2000,35,1
267615,A,1,A1,1000,6,2
986459,J,1,J1,2000,33,3
198109,G,2,G2,4000,79,1
379041,F,1,F1,3000,62,2
747582,C,1,C1,4000,68,2
504240,H,2,H2,3000,56,3
590279,I,1,I1,1000,16,3
933909,B,1,B1,5000,90,4
771711,A,2,A2,4000,68,1
975419,A,1,A1,1000,20,2
750440,A,1,A1,2000,34,1
864976,J,1,J1,2000,23,2
923226,I,1,I1,4000,81,2
366259,C,1,C1,1000,9,3
490476,B,2,B2,2000,37,3
992608,C,1,C1,3000,58,4
129896,E,1,E1,2000,25,1
417108,F,1,F1,1000,22,3
743326,G,2,G2,1000,8,3
278117,A,1,A1,1000,9,4
403645,D,2,D2,4000,69,3
105058,C,1,C1,2000,31,1
419479,A,2,A2,3000,66,4
772366,A,3,A3,1000,10,3
123989,I,1,I1,3000,52,4
508027,G,1,G1,5000,96,4
962155,B,3,B3,3000,41,2
397998,B,3,B3,3000,60,1
239935,D,1,D1,5000,98,1
381442,D,2,D2,4000,82,4
289836,D,1,D1,3000,62,3
344282,C,1,C1,5000,98,3
542812,D,1,D1,3000,63,3
356331,C,1,C1,5000,92,4
171714,F,1,F1,5000,100,2
362107,E,1,E1,1000,22,1
450028,A,1,A1,3000,55,4
174513,A,1,A1,4000,85,2
919859,G,2,G2,5000,89,4
935084,C,2,C2,2000,40,1
540381,B,1,B1,4000,82,4
138254,A,3,A3,3000,49,2
839752,G,1,G1,3000,59,1
147010,E,2,E2,1000,7,3
978778,C,2,C2,1000,10,2
322086,A,1,A1,4000,86,4
743821,F,1,F1,5000,99,3
220370,A,1,A1,2000,26,2
572946,D,1,D1,3000,59,3
967337,F,1,F1,2000,24,2
874862,C,2,C2,5000,95,2
963180,D,1,D1,1000,21,4
935565,A,1,A1,1000,10,3
261786,B,2,B2,3000,58,3
385459,B,1,B1,2000,38,4
320668,C,2,C2,2000,23,1
584631,A,1,A1,3000,52,1
725873,B,3,B3,3000,53,1
524097,A,1,A1,5000,96,3
778287,J,1,J1,3000,47,4
365507,J,1,J1,4000,76,4
292879,E,1,E1,5000,95,2
613246,H,2,H2,1000,6,2
977883,B,1,B1,4000,69,2
427189,G,1,G1,5000,97,3
701272,I,1,I1,4000,77,4
901933,E,3,E3,4000,88,1
951284,C,1,C1,1000,7,4
848782,C,1,C1,3000,64,1
669769,B,3,B3,3000,50,1
163539,B,3,B3,1000,18,1
254004,A,1,A1,5000,95,4
612237,E,2,E2,3000,54,3
633979,A,1,A1,3000,44,3
309023,A,2,A2,1000,7,4
238127,B,2,B2,2000,33,4
210235,E,2,E2,2000,36,1
785630,A,2,A2,4000,75,2
119028,G,2,G2,4000,78,4
376378,B,3,B3,4000,88,4
594313,H,1,H1,1000,13,3
977381,C,2,C2,4000,80,1
250410,A,1,A1,1000,17,2
702249,E,2,E2,1000,21,3
636369,A,2,A2,4000,78,4
566557,E,3,E3,4000,69,4
274765,J,1,J1,5000,90,4
730299,E,2,E2,5000,91,4
399531,B,1,B1,5000,91,2
216965,A,1,A1,1000,11,4
761991,E,3,E3,2000,23,2
674931,G,2,G2,4000,87,4
231808,C,2,C2,1000,7,1
938077,A,1,A1,1000,20,3
214189,A,1,A1,5000,89,4
747753,A,2,A2,5000,95,4
867891,J,1,J1,1000,19,3
872189,I,1,I1,2000,39,4
417992,D,1,D1,5000,98,3
405387,B,2,B2,2000,40,2
105496,A,3,A3,5000,99,4
441817,G,2,G2,4000,70,2
510299,J,1,J1,2000,38,4
533537,I,1,I1,1000,9,4
998774,D,1,D1,3000,58,3
619476,C,1,C1,1000,6,2
621944,A,1,A1,5000,98,3
793506,J,1,J1,2000,26,2
637770,J,1,J1,4000,78,3
550544,I,1,I1,2000,27,2
701690,C,1,C1,5000,98,3
120156,G,2,G2,4000,82,1
683077,H,1,H1,1000,4,4
345059,C,1,C1,4000,77,4
566047,A,1,A1,1000,13,3
516944,C,2,C2,1000,16,1
324921,I,1,I1,2000,24,4
672518,A,2,A2,3000,65,4
659899,A,3,A3,2000,25,1
902125,B,1,B1,3000,45,2
820974,H,2,H2,5000,100,1
933838,A,1,A1,2000,25,4
129405,A,2,A2,2000,27,2
157014,E,3,E3,4000,72,3
146316,B,3,B3,3000,49,3
939842,G,2,G2,4000,68,3
304111,D,1,D1,2000,37,2
348262,B,2,B2,4000,71,3
901958,J,1,J1,5000,91,1
494855,D,1,D1,5000,100,2
892416,J,1,J1,2000,33,4
762538,H,1,H1,1000,19,1
698865,H,1,H1,3000,42,4
437674,H,2,H2,3000,50,1
228735,H,1,H1,3000,53,2
578393,F,1,F1,5000,91,3
742960,G,1,G1,4000,86,3
692464,A,1,A1,3000,66,1
570626,B,3,B3,4000,77,2
912218,D,1,D1,4000,75,4
716669,E,2,E2,3000,43,1
502341,I,1,I1,1000,6,2
149075,D,1,D1,2000,27,1
295622,H,1,H1,5000,89,4
804424,C,1,C1,4000,78,1
970202,E,2,E2,4000,73,2
119595,A,3,A3,2000,25,4
900945,I,1,I1,2000,25,4
830203,A,1,A1,1000,6,2
823726,G,1,G1,3000,59,2
534147,J,1,J1,2000,38,3
812122,A,2,A2,5000,90,1
981348,A,2,A2,3000,45,3
957048,D,2,D2,4000,87,1
417440,A,2,A2,1000,3,3
333657,I,1,I1,1000,11,1
510749,C,1,C1,3000,45,3
390677,F,1,F1,1000,19,2
947452,B,2,B2,4000,86,2
626365,B,2,B2,4000,73,3
214148,D,1,D1,5000,98,2
324967,A,2,A2,5000,91,2
959849,H,2,H2,2000,23,1
868846,A,2,A2,4000,87,1
254465,C,2,C2,1000,22,3
550145,H,1,H1,3000,48,4
590124,B,1,B1,4000,71,3
982004,E,1,E1,3000,50,4
533273,H,1,H1,4000,71,1
636650,H,1,H1,1000,17,4
280660,E,2,E2,5000,96,2
736020,D,1,D1,1000,8,4
517700,B,1,B1,3000,55,3
671187,J,1,J1,5000,92,4
476428,A,1,A1,3000,51,2
505867,A,1,A1,5000,93,2
572850,A,3,A3,1000,18,2
267972,F,1,F1,4000,68,2
291281,A,1,A1,5000,98,3
707728,C,2,C2,3000,53,3
423402,A,1,A1,3000,44,2
949307,A,3,A3,4000,84,2
563509,B,1,B1,2000,37,3
891749,A,2,A2,2000,27,2
966826,A,1,A1,5000,90,4
205283,G,2,G2,4000,79,1
490134,A,1,A1,2000,26,3
667223,J,1,J1,2000,25,2
543103,C,1,C1,5000,92,2
844663,D,1,D1,2000,34,4
815290,B,2,B2,4000,83,1
266235,E,2,E2,1000,13,1
623469,J,1,J1,5000,100,3
333746,E,3,E3,4000,74,2
640815,J,1,J1,5000,91,2
615991,F,1,F1,5000,94,1
389964,E,2,E2,3000,51,3
925891,H,1,H1,4000,74,3
652680,E,2,E2,1000,14,4
420232,C,2,C2,3000,57,4
350506,E,2,E2,4000,83,1
175774,C,1,C1,3000,54,1
880059,J,1,J1,5000,95,2
360530,H,1,H1,2000,35,3
632190,E,2,E2,2000,31,3
870651,H,1,H1,2000,37,2
311931,A,3,A3,3000,44,2
526619,F,1,F1,4000,70,4
400659,B,3,B3,1000,17,2
491643,C,2,C2,5000,91,1
834326,I,1,I1,2000,39,4
812903,C,1,C1,2000,37,2
308689,H,2,H2,2000,27,3
430525,A,1,A1,3000,42,3
164587,A,3,A3,3000,63,4
694008,C,1,C1,4000,80,2
886122,B,3,B3,3000,57,4
118428,G,2,G2,3000,59,3
814274,B,2,B2,1000,1,1
866903,E,1,E1,5000,97,2
530615,A,3,A3,1000,16,1
748561,J,1,J1,1000,5,1
637508,F,1,F1,4000,74,1
120244,A,2,A2,5000,93,2
153808,A,3,A3,3000,54,1
654005,J,1,J1,5000,89,1
341736,C,1,C1,3000,53,4
857284,B,3,B3,3000,55,4
746591,J,1,J1,2000,32,3
211827,J,1,J1,4000,81,1
187181,G,1,G1,3000,57,2
991411,A,1,A1,4000,88,3
253021,I,1,I1,4000,74,1
308120,E,2,E2,1000,19,4
914199,C,1,C1,1000,20,3
755094,C,1,C1,5000,92,2
876567,J,1,J1,3000,46,2
937047,E,3,E3,2000,32,1
319107,H,1,H1,5000,90,4
861981,E,2,E2,2000,40,4
181270,A,3,A3,3000,56,2
976123,A,3,A3,4000,88,3
522406,E,3,E3,1000,16,1
805423,A,1,A1,5000,91,4
363026,E,2,E2,5000,90,4
548003,E,1,E1,4000,68,4
663990,C,2,C2,3000,60,2
770622,A,1,A1,3000,51,4
749465,I,1,I1,1000,11,1
114508,E,2,E2,5000,93,4
501266,B,3,B3,3000,54,3
915991,I,1,I1,5000,89,1
389130,H,1,H1,2000,39,1
911948,C,1,C1,5000,98,4
564565,H,2,H2,2000,37,1
743415,A,2,A2,1000,4,2
161796,D,2,D2,1000,12,2
709677,C,2,C2,3000,54,4
140762,F,1,F1,1000,1,3
984523,A,1,A1,5000,93,1
972986,J,1,J1,2000,32,2
885297,J,1,J1,2000,36,4
146128,F,1,F1,4000,78,3
329721,J,1,J1,2000,27,1
854815,A,1,A1,5000,95,1
574156,A,1,A1,2000,39,1
150984,B,2,B2,1000,19,2
241498,C,1,C1,2000,23,3
802000,G,2,G2,4000,72,4
680042,I,1,I1,1000,18,4
532490,I,1,I1,2000,28,1
632077,C,1,C1,2000,25,4
394036,J,1,J1,2000,34,2
836709,A,2,A2,4000,79,4
361914,F,1,F1,4000,77,4
155182,B,3,B3,4000,70,1
648212,H,1,H1,1000,7,3
578935,C,2,C2,3000,60,4
949645,B,3,B3,3000,46,3
137872,A,2,A2,3000,51,1
449314,J,1,J1,3000,66,1
610905,C,1,C1,2000,36,2
945679,H,1,H1,5000,93,3
244314,A,1,A1,5000,95,1
274962,E,1,E1,1000,2,4
822741,D,2,D2,1000,21,4
778738,A,2,A2,2000,33,2
970897,H,2,H2,2000,38,1
724909,B,3,B3,5000,93,1
926548,B,1,B1,4000,88,1
528062,D,1,D1,5000,97,2
871984,G,2,G2,3000,63,1
665633,A,3,A3,3000,46,4
756038,A,3,A3,3000,42,2
165492,A,2,A2,2000,27,1
790902,C,2,C2,1000,13,4
721701,A,2,A2,3000,63,4
362324,D,1,D1,4000,78,3
242070,H,2,H2,1000,18,1
157911,J,1,J1,3000,65,3
918541,G,2,G2,3000,47,2
805189,F,1,F1,4000,84,1
229341,H,1,H1,5000,92,4
526577,A,2,A2,1000,17,1
640591,A,1,A1,1000,22,3
558494,A,3,A3,2000,24,4
740099,E,2,E2,4000,71,1
744820,A,3,A3,2000,25,2
911427,H,2,H2,4000,83,3
166203,A,1,A1,4000,71,2
564720,B,1,B1,4000,73,4
326736,E,2,E2,5000,92,3
914560,E,3,E3,5000,94,2
546734,I,1,I1,3000,58,4
272945,J,1,J1,1000,13,1
416834,C,2,C2,3000,58,2
179022,B,1,B1,3000,42,2
789091,I,1,I1,5000,93,1
679034,H,1,H1,1000,7,1
192941,J,1,J1,2000,32,2
388974,A,1,A1,5000,96,1
877083,C,1,C1,4000,78,4
861353,J,1,J1,1000,9,2
866277,E,2,E2,2000,32,3
930959,A,1,A1,5000,90,4
563449,H,1,H1,5000,97,4
659249,A,2,A2,4000,70,3
431886,F,1,F1,4000,75,4
209840,D,1,D1,3000,55,4
572162,C,1,C1,2000,23,3
159655,D,1,D1,3000,47,1
159931,D,1,D1,4000,76,4
299407,G,2,G2,5000,93,3
877705,B,1,B1,1000,3,1
612616,E,3,E3,1000,21,1
746160,A,1,A1,3000,61,1
886191,A,1,A1,1000,3,3
304375,B,1,B1,2000,30,3
222252,C,2,C2,3000,46,3
993354,B,2,B2,4000,70,3
915429,D,1,D1,3000,43,4
539863,C,1,C1,5000,100,3
118849,B,3,B3,3000,41,2
186238,C,2,C2,2000,26,3
619346,E,3,E3,4000,81,3
973300,C,1,C1,5000,94,3
997824,A,3,A3,1000,1,2
921072,A,1,A1,1000,3,2
845989,A,1,A1,1000,4,1
831984,D,1,D1,1000,4,1
702995,I,1,I1,1000,21,1
599242,F,1,F1,1000,9,4
767015,E,1,E1,1000,22,2
484391,J,1,J1,4000,82,4
420203,H,1,H1,5000,93,1
895065,C,2,C2,1000,12,1
806617,A,3,A3,3000,50,1
322402,G,1,G1,4000,87,4
438109,F,1,F1,4000,79,1
464522,I,1,I1,5000,100,3
734981,J,1,J1,3000,57,4
414432,J,1,J1,2000,23,2
744381,J,1,J1,2000,38,1
673921,J,1,J1,3000,48,2
349625,J,1,J1,5000,98,1
764182,F,1,F1,1000,14,1
227246,F,1,F1,5000,99,1
103577,H,1,H1,3000,49,2
692817,I,1,I1,4000,82,3
467109,A,2,A2,3000,56,2
560175,G,2,G2,1000,14,4
989219,J,1,J1,4000,75,3
672699,I,1,I1,2000,38,1
366873,A,2,A2,4000,78,1
715115,J,1,J1,1000,21,2
894681,H,1,H1,5000,89,4
836657,C,1,C1,1000,2,1
317460,J,1,J1,5000,95,2
861136,B,2,B2,5000,97,3
183892,E,2,E2,3000,54,2
603184,J,1,J1,3000,44,3
957895,G,2,G2,2000,25,3
464074,E,3,E3,2000,32,3
531770,D,1,D1,4000,75,3
815340,E,3,E3,2000,29,2
100696,B,2,B2,2000,23,2
326783,C,1,C1,5000,91,1
476427,H,2,H2,2000,36,2
687539,J,1,J1,1000,14,3
346988,A,3,A3,2000,37,4
475103,A,2,A2,5000,98,4
982898,D,1,D1,2000,39,4
692584,I,1,I1,3000,52,3
800306,A,1,A1,2000,36,1
216675,B,1,B1,5000,91,3
601611,B,3,B3,4000,82,2
188430,E,3,E3,5000,89,3
667455,E,1,E1,4000,76,3
733280,H,1,H1,1000,13,2
988196,H,1,H1,3000,57,4
358067,H,1,H1,1000,6,2
993011,I,1,I1,3000,65,4
133783,B,3,B3,3000,57,3
331966,I,1,I1,1000,2,1
129879,D,1,D1,2000,29,1
196092,I,1,I1,3000,66,1
191478,J,1,J1,1000,15,2
546411,A,3,A3,2000,31,2
544202,A,1,A1,2000,40,1
412899,E,2,E2,2000,31,4
330083,F,1,F1,5000,89,1
353213,A,2,A2,2000,30,4
838392,I,1,I1,4000,81,1
184807,E,1,E1,1000,22,2
865771,F,1,F1,3000,52,4
358446,C,2,C2,4000,82,4
218947,A,3,A3,1000,3,4
521030,J,1,J1,2000,24,3
242274,B,2,B2,4000,82,4
887210,A,2,A2,5000,100,3
634642,C,2,C2,2000,23,2
640464,D,2,D2,3000,51,4
522622,B,3,B3,4000,76,1
364141,J,1,J1,2000,26,1
311018,B,3,B3,5000,93,2
706158,E,2,E2,4000,79,2
423357,A,2,A2,3000,63,1
611647,H,1,H1,5000,97,3
898172,C,1,C1,5000,99,3
441901,C,1,C1,2000,40,4
341196,J,1,J1,5000,91,2
795122,C,2,C2,2000,26,4
192493,B,1,B1,3000,64,2
995547,I,1,I1,1000,20,2
650486,E,3,E3,1000,5,2
887435,C,1,C1,1000,13,1
553148,C,1,C1,4000,81,3
504942,H,2,H2,4000,74,4
554197,A,1,A1,1000,9,2
163818,A,3,A3,4000,79,4
182902,H,2,H2,2000,33,3
926973,D,1,D1,5000,92,4
119117,E,2,E2,4000,73,4
248013,C,1,C1,1000,12,4
496079,J,1,J1,1000,12,3
789504,J,1,J1,4000,80,3
224826,E,1,E1,4000,72,4
332024,A,2,A2,5000,91,4
241936,A,3,A3,5000,95,2
139540,J,1,J1,3000,51,3
694565,A,1,A1,5000,91,1
525744,A,1,A1,4000,70,1
406547,H,1,H1,4000,76,3
160416,E,1,E1,4000,68,2
279324,D,1,D1,5000,95,2
200548,I,1,I1,5000,98,3
340304,I,1,I1,3000,47,1
220994,B,2,B2,1000,18,2
559813,C,1,C1,2000,37,2
143649,C,2,C2,5000,89,2
712358,J,1,J1,1000,16,3
111402,D,2,D2,2000,39,1
878708,A,2,A2,1000,16,4
381040,J,1,J1,4000,73,2
633641,A,2,A2,4000,76,1
619381,H,1,H1,3000,52,2
924868,C,1,C1,4000,80,2
711249,J,1,J1,3000,66,2
593374,H,1,H1,2000,35,1
294952,B,2,B2,5000,92,4
268816,J,1,J1,2000,39,4
800918,J,1,J1,3000,51,1
149613,E,2,E2,4000,83,2
452299,A,3,A3,5000,92,2
696944,B,1,B1,5000,93,4
841336,E,2,E2,5000,91,1
668676,E,2,E2,4000,78,4
812328,H,1,H1,3000,42,3
555875,D,1,D1,5000,91,2
196967,A,1,A1,5000,94,2
178624,A,2,A2,1000,13,1
770285,C,1,C1,5000,92,1
351208,E,2,E2,3000,66,1
287744,A,1,A1,4000,79,4
203560,A,3,A3,3000,44,4
159146,D,2,D2,3000,55,3
206328,C,1,C1,3000,62,4
713126,C,1,C1,3000,65,4
611368,E,1,E1,5000,97,2
243006,E,1,E1,2000,30,4
703445,C,2,C2,4000,83,2
205044,B,3,B3,4000,75,3
660701,A,1,A1,1000,6,4
750067,A,1,A1,2000,33,2
648916,J,1,J1,1000,14,1
316524,B,1,B1,3000,45,4
580819,A,3,A3,1000,10,3
374323,A,3,A3,1000,18,2
765000,C,1,C1,4000,81,2
711220,A,1,A1,3000,51,4
470566,B,1,B1,1000,2,1
154719,A,1,A1,5000,96,1
114699,J,1,J1,5000,90,2
578024,H,2,H2,2000,39,2
564498,E,2,E2,1000,9,1
915735,A,1,A1,1000,5,3
839417,G,2,G2,3000,51,3
891578,B,3,B3,1000,9,3
438213,A,1,A1,5000,90,2
498904,E,2,E2,4000,81,1
704804,B,3,B3,1000,1,1
201293,G,2,G2,3000,60,2
929708,A,1,A1,1000,20,2
265087,A,1,A1,5000,89,3
539542,G,1,G1,1000,12,4
955516,E,2,E2,1000,12,2
218538,C,1,C1,4000,75,1
926284,A,3,A3,1000,17,3
860749,A,2,A2,5000,97,1
390311,B,1,B1,3000,51,4
702985,G,1,G1,1000,10,4
509577,C,2,C2,4000,82,2
239912,C,2,C2,5000,90,3
115492,A,3,A3,2000,25,4
864778,C,1,C1,4000,70,3
850952,C,2,C2,1000,17,4
320722,D,1,D1,3000,51,2
404198,G,2,G2,2000,34,4
462495,A,1,A1,1000,9,2
197994,I,1,I1,2000,40,4
419552,J,1,J1,4000,71,4
987654,A,3,A3,3000,63,3
209850,A,2,A2,1000,20,2
734853,H,1,H1,3000,50,3
870046,B,3,B3,4000,86,3
961592,E,3,E3,3000,53,2
826656,A,2,A2,4000,86,4
717109,I,1,I1,1000,4,3
859508,F,1,F1,4000,86,4
635339,H,2,H2,4000,74,3
898002,B,3,B3,1000,10,1
241985,D,1,D1,4000,70,3
764260,A,3,A3,1000,11,2
893257,G,2,G2,3000,54,3
462709,E,2,E2,1000,17,1
715932,A,3,A3,2000,27,1
466611,B,2,B2,5000,98,4
529125,B,1,B1,3000,57,1
686928,I,1,I1,4000,75,3
236421,C,2,C2,5000,89,1
730311,J,1,J1,4000,88,4
911706,A,3,A3,1000,4,3
457567,C,1,C1,3000,64,2
110822,J,1,J1,2000,40,3
611781,H,2,H2,2000,33,3
131873,A,3,A3,1000,21,3
329529,J,1,J1,5000,96,1
673313,A,1,A1,5000,91,1
532135,A,2,A2,2000,35,4
352943,B,2,B2,5000,92,1
924625,B,1,B1,1000,16,1
102993,F,1,F1,2000,30,4
126249,F,1,F1,2000,24,3
244342,A,1,A1,2000,24,3
308006,E,2,E2,5000,91,4
661778,E,2,E2,2000,32,1
944287,E,2,E2,2000,26,1
626221,B,2,B2,2000,32,4
511874,H,2,H2,3000,66,3
458487,A,2,A2,4000,72,4
344213,J,1,J1,1000,5,4
304973,E,2,E2,3000,52,2
758687,A,3,A3,1000,15,3
994075,H,1,H1,3000,49,4
175827,E,2,E2,3000,44,3
418097,B,1,B1,3000,66,1
115678,B,2,B2,3000,44,3
606646,A,1,A1,2000,23,2
340993,H,2,H2,5000,92,1
779999,A,2,A2,5000,96,1
549891,H,1,H1,1000,13,2
443008,J,1,J1,2000,23,3
240376,I,1,I1,2000,33,1
371326,E,2,E2,2000,34,1
571839,A,1,A1,2000,38,3
317770,A,2,A2,1000,19,2
115556,A,1,A1,3000,55,1
976677,E,3,E3,2000,37,4
818171,F,1,F1,4000,83,3
349099,G,2,G2,3000,41,2
911197,C,1,C1,3000,57,1
208365,J,1,J1,5000,94,1
929433,I,1,I1,5000,95,2
538049,A,2,A2,2000,25,1
544462,A,2,A2,2000,35,4
637012,E,3,E3,2000,39,3
228050,C,2,C2,5000,95,1
724699,A,1,A1,2000,36,2
894692,H,1,H1,3000,48,4
892554,A,1,A1,2000,25,1
687664,J,1,J1,3000,56,3
622930,J,1,J1,2000,40,4
426350,B,3,B3,3000,44,2
111137,A,2,A2,4000,68,2
196682,G,2,G2,3000,66,1
650885,E,3,E3,3000,55,4
419522,F,1,F1,5000,89,4
893131,B,3,B3,2000,27,3
191819,I,1,I1,1000,10,3
377257,F,1,F1,3000,65,1
831117,J,1,J1,2000,36,4
943720,B,3,B3,4000,79,4
441337,A,1,A1,2000,34,1
881886,I,1,I1,3000,60,2
658406,F,1,F1,5000,98,2
195999,I,1,I1,2000,31,4
835296,B,1,B1,2000,27,4
641129,A,1,A1,2000,35,2
820346,F,1,F1,4000,69,4
853762,A,3,A3,2000,40,2
436411,B,3,B3,5000,100,1
609262,B,1,B1,3000,63,3
326328,C,2,C2,1000,4,4
424354,B,2,B2,2000,32,4
170856,H,1,H1,5000,97,2
257102,G,2,G2,3000,65,3
374440,F,1,F1,4000,69,2
802985,B,3,B3,4000,80,1
126782,A,3,A3,2000,30,4
930567,A,3,A3,1000,3,4
201304,A,1,A1,1000,1,2
489859,E,3,E3,5000,91,4
991198,A,1,A1,3000,64,4
690753,C,1,C1,2000,36,4
235312,G,1,G1,3000,55,1
343863,H,2,H2,5000,97,3
301329,B,3,B3,2000,38,1
208573,B,3,B3,2000,40,3
645258,A,3,A3,3000,56,2
529263,E,1,E1,2000,34,2
698798,J,1,J1,4000,70,2
196149,A,1,A1,3000,41,1
162127,A,1,A1,5000,92,2
199191,H,1,H1,4000,87,2
762511,A,2,A2,3000,61,1
367501,B,1,B1,4000,68,1
531555,C,1,C1,1000,4,2
559070,J,1,J1,4000,71,3
611091,H,1,H1,1000,5,1
793006,C,1,C1,1000,13,1
335916,D,2,D2,3000,58,3
936213,A,1,A1,3000,60,1
417258,D,2,D2,5000,89,2
730879,E,2,E2,5000,95,1
993927,C,1,C1,2000,25,1
299166,D,1,D1,4000,70,2
721990,B,3,B3,5000,97,4
138249,D,1,D1,2000,33,1
739421,B,3,B3,4000,86,3
596318,C,1,C1,1000,11,2
413435,J,1,J1,5000,99,1
135110,J,1,J1,3000,66,4
885456,A,2,A2,1000,19,4
245915,D,1,D1,4000,74,2
967060,C,1,C1,1000,4,2
706995,H,1,H1,4000,69,1
948071,I,1,I1,5000,96,1
398954,E,3,E3,5000,92,4
686056,J,1,J1,2000,27,1
654288,B,2,B2,1000,2,3
802583,A,1,A1,3000,59,2
288564,C,2,C2,3000,42,2
463332,H,1,H1,5000,98,2
966292,A,1,A1,4000,70,1
458192,F,1,F1,1000,14,4
375321,B,2,B2,5000,91,1
876297,D,1,D1,2000,23,1
127584,C,2,C2,4000,74,1
778658,B,2,B2,5000,99,3
828446,G,2,G2,4000,75,1
270724,J,1,J1,1000,13,2
334278,E,1,E1,2000,35,4
801558,H,1,H1,1000,14,4
197570,D,2,D2,4000,79,3
924674,G,2,G2,3000,60,3
963807,E,3,E3,4000,76,3
841739,G,1,G1,2000,33,1
105922,B,2,B2,1000,2,4
776196,A,1,A1,3000,66,2
900468,G,1,G1,4000,68,2
503399,G,1,G1,1000,4,2
959529,A,2,A2,5000,93,4
708145,A,1,A1,3000,45,2
615111,A,2,A2,4000,72,2
106684,A,1,A1,1000,21,3
314963,C,1,C1,4000,69,3
609062,B,2,B2,1000,14,1
192473,H,1,H1,1000,7,4
642672,A,2,A2,1000,15,1
341008,J,1,J1,2000,30,3
642098,C,1,C1,3000,66,4
664556,A,3,A3,2000,29,2
529915,C,2,C2,5000,94,2
665739,G,1,G1,1000,18,3
237044,A,2,A2,5000,94,4
394201,B,3,B3,2000,27,4
794065,A,1,A1,3000,44,1
386055,C,1,C1,3000,48,3
675211,E,1,E1,3000,55,2
531655,G,2,G2,3000,44,4
760553,J,1,J1,1000,16,4
631736,A,3,A3,4000,83,4
191501,B,3,B3,5000,100,2
461761,A,3,A3,3000,47,2
622274,J,1,J1,3000,54,2
939081,A,3,A3,1000,19,4
708362,H,1,H1,3000,51,4
262849,E,2,E2,4000,79,1
801849,J,1,J1,4000,83,2
509875,A,3,A3,4000,75,1
830715,A,2,A2,2000,37,2
870130,A,2,A2,5000,89,1
563563,E,1,E1,5000,99,1
457667,A,1,A1,2000,25,3
502314,F,1,F1,1000,15,4
378497,H,1,H1,1000,15,2
895087,A,1,A1,4000,85,1
515747,H,1,H1,3000,48,3
403199,F,1,F1,4000,84,2
442316,J,1,J1,2000,26,4
797881,B,3,B3,2000,26,3
738187,C,2,C2,5000,96,1
129884,B,3,B3,3000,66,3
737428,C,1,C1,5000,98,3
168075,E,3,E3,3000,48,2
860570,A,2,A2,3000,66,1
424044,E,3,E3,3000,61,4
899526,A,1,A1,3000,61,4
172977,C,2,C2,1000,4,3
536660,H,1,H1,5000,99,4
791617,A,1,A1,4000,77,3
649912,J,1,J1,5000,93,4
477170,A,2,A2,2000,39,3
604988,A,1,A1,4000,75,1
756474,H,2,H2,4000,73,4
814699,F,1,F1,2000,34,2
897669,J,1,J1,1000,2,3
856384,A,3,A3,4000,85,3
102934,J,1,J1,3000,62,2
322721,A,1,A1,4000,78,2
146135,C,1,C1,4000,87,1
236852,A,2,A2,5000,98,4
201128,C,1,C1,3000,61,3
105420,E,1,E1,3000,46,4
356086,B,1,B1,5000,98,4
969624,I,1,I1,4000,76,4
780199,A,1,A1,2000,30,4
272852,I,1,I1,3000,41,2
510445,A,1,A1,3000,58,1
513766,C,1,C1,2000,30,4
900753,I,1,I1,5000,94,4
565276,A,3,A3,4000,78,3
603559,A,3,A3,1000,7,4
891541,J,1,J1,3000,61,1
207176,C,2,C2,3000,42,4
358827,A,1,A1,2000,37,4
543178,J,1,J1,1000,19,1
516924,J,1,J1,5000,95,2
624602,I,1,I1,5000,99,4
707351,H,1,H1,2000,39,4
294289,H,1,H1,5000,89,1
661364,E,1,E1,1000,8,4
788772,A,2,A2,3000,59,4
748841,J,1,J1,3000,58,3
904688,E,2,E2,3000,51,2
177747,H,2,H2,3000,63,3
754195,I,1,I1,2000,27,2
110701,H,2,H2,2000,34,4
429425,B,2,B2,1000,13,3
726909,D,1,D1,5000,97,1
217609,G,2,G2,5000,98,3
110285,I,1,I1,5000,99,4
101539,A,2,A2,5000,97,3
847602,F,1,F1,4000,81,2
894926,A,3,A3,1000,15,4
789714,G,1,G1,3000,61,3
941722,A,3,A3,4000,71,1
825971,B,2,B2,5000,99,3
305101,C,1,C1,5000,99,4
241587,B,3,B3,4000,77,4
364711,D,1,D1,4000,76,2
869571,A,1,A1,1000,4,4
342939,B,2,B2,2000,33,3
788199,B,1,B1,5000,100,3
452956,B,2,B2,2000,40,2
699302,A,2,A2,2000,23,1
974005,F,1,F1,1000,10,4
594916,I,1,I1,2000,37,1
189797,J,1,J1,5000,94,4
781222,A,1,A1,4000,71,2
419282,E,3,E3,3000,44,1
375855,J,1,J1,3000,43,2
798951,E,3,E3,1000,3,3
549054,B,3,B3,1000,11,2
980406,C,2,C2,4000,67,3
183833,B,2,B2,1000,4,1
625599,G,2,G2,4000,73,4
113881,B,1,B1,4000,71,1
417773,B,3,B3,1000,21,2
917971,H,1,H1,4000,73,2
923929,C,1,C1,3000,41,2
552608,B,2,B2,4000,67,2
461839,H,1,H1,4000,88,1
720898,E,3,E3,1000,20,3
863178,A,3,A3,2000,30,4
253745,B,3,B3,4000,85,4
570183,H,1,H1,3000,63,2
691190,J,1,J1,4000,83,2
525656,G,1,G1,3000,52,4
151446,C,2,C2,5000,91,2
701720,J,1,J1,3000,60,2
236964,B,1,B1,2000,28,2
974622,A,1,A1,4000,83,3
916059,A,2,A2,3000,46,4
915039,F,1,F1,4000,69,4
531739,A,1,A1,2000,30,3
128055,A,1,A1,4000,69,1
494725,H,1,H1,1000,5,2
988262,H,1,H1,2000,25,2
634932,A,2,A2,5000,97,4
610661,H,2,H2,3000,64,4
226135,C,1,C1,1000,11,4
754415,G,2,G2,1000,9,1
607658,G,2,G2,2000,26,2
180502,I,1,I1,3000,61,3
149376,A,3,A3,3000,43,1
722199,C,1,C1,5000,91,1
358129,B,1,B1,4000,73,1
530419,A,1,A1,2000,25,1
746817,B,3,B3,4000,67,3
778545,J,1,J1,5000,96,3
585097,J,1,J1,2000,30,1
337091,G,2,G2,2000,27,3
168606,F,1,F1,4000,72,2
189500,J,1,J1,4000,69,2
174089,B,3,B3,5000,97,3
596245,C,1,C1,1000,17,4
618710,A,2,A2,4000,79,2
913279,B,2,B2,5000,92,1
656228,C,2,C2,4000,81,4
254243,A,1,A1,2000,38,2
879606,F,1,F1,4000,72,3
260359,E,3,E3,5000,97,4
446431,H,2,H2,3000,47,2
904798,G,1,G1,3000,63,1
587859,E,3,E3,5000,96,3
603272,B,1,B1,4000,79,1
679740,A,2,A2,5000,91,1
955319,B,1,B1,4000,71,1
107902,E,3,E3,2000,30,1
496140,A,2,A2,5000,89,1
585607,G,1,G1,5000,98,4
858550,E,1,E1,5000,95,3
121058,A,1,A1,5000,89,1
310202,B,1,B1,5000,94,3
934236,A,2,A2,5000,97,4
522602,A,3,A3,5000,93,1
687357,I,1,I1,4000,82,1
507350,B,3,B3,2000,30,2
169506,B,2,B2,4000,84,3
726102,I,1,I1,4000,72,1
627819,D,1,D1,5000,95,3
734759,A,1,A1,3000,53,4
768392,B,1,B1,5000,93,4
930694,A,2,A2,2000,25,2
824249,J,1,J1,3000,52,4
352394,A,1,A1,3000,46,2
215901,I,1,I1,3000,58,1
970598,C,2,C2,5000,98,1
257314,E,2,E2,2000,38,4
728057,C,1,C1,1000,9,2
772364,A,3,A3,1000,18,4
192870,E,2,E2,2000,29,3
916409,J,1,J1,4000,77,3
595922,H,1,H1,3000,43,4
306043,J,1,J1,4000,76,3
750335,C,2,C2,3000,66,2
602210,B,3,B3,3000,42,1
710047,J,1,J1,2000,32,1
191604,H,1,H1,2000,24,2
215655,J,1,J1,4000,70,3
995829,B,2,B2,3000,43,1
517112,D,1,D1,3000,44,2
293615,I,1,I1,5000,93,2
615728,G,1,G1,3000,41,2
798467,J,1,J1,2000,27,4
402009,H,1,H1,2000,23,1
906377,G,2,G2,3000,51,3
361044,B,3,B3,2000,34,3
987819,E,1,E1,4000,74,1
368213,B,2,B2,5000,96,2
510438,B,2,B2,4000,68,2
550687,A,2,A2,1000,20,3
859438,B,3,B3,1000,4,2
789849,B,2,B2,1000,13,2
551944,B,2,B2,3000,58,4
810601,E,2,E2,3000,53,2
618023,J,1,J1,2000,23,1
683589,H,2,H2,5000,99,1
445466,G,2,G2,2000,25,1
892957,G,2,G2,3000,52,2
690516,B,1,B1,1000,18,1
170855,H,1,H1,3000,65,1
583926,J,1,J1,2000,40,4
787144,C,1,C1,4000,67,4
608290,J,1,J1,2000,36,2
859804,A,1,A1,2000,30,4
675972,B,2,B2,4000,78,4
164606,E,2,E2,3000,45,3
156278,C,2,C2,4000,80,1
827806,A,1,A1,1000,20,4
366679,A,2,A2,1000,6,3
549254,F,1,F1,2000,40,1
207274,C,1,C1,4000,87,4
638853,B,2,B2,4000,87,3
975992,B,1,B1,2000,33,4
274445,A,2,A2,2000,32,4
346432,I,1,I1,1000,11,4
672062,I,1,I1,2000,29,3
854862,H,1,H1,1000,3,3
194567,J,1,J1,2000,36,3
582589,E,1,E1,3000,49,2
495869,J,1,J1,5000,91,2
531980,A,2,A2,1000,7,4
830811,E,3,E3,2000,28,2
236204,A,1,A1,2000,27,2
657685,E,3,E3,3000,61,2
408687,A,3,A3,2000,27,4
629343,E,2,E2,4000,86,3
529193,G,2,G2,1000,9,4
409480,G,2,G2,3000,46,1
604855,E,2,E2,4000,72,1
427396,J,1,J1,4000,72,2
689654,C,1,C1,1000,7,3
468744,B,1,B1,1000,10,4
760213,B,1,B1,2000,29,4
882834,J,1,J1,5000,89,2
903249,F,1,F1,5000,97,3
943596,B,1,B1,3000,56,2
248003,J,1,J1,1000,7,1
578586,A,3,A3,2000,28,4
452752,C,2,C2,5000,96,4
887190,E,2,E2,4000,70,4
746893,B,1,B1,3000,45,4
466664,D,1,D1,1000,15,3
893293,J,1,J1,2000,32,2
556837,G,2,G2,4000,80,3
521440,A,2,A2,5000,89,1
970097,J,1,J1,1000,17,2
863675,G,2,G2,3000,42,3
702734,B,1,B1,3000,49,4
712081,A,2,A2,1000,7,1
183622,I,1,I1,3000,66,1
388158,A,3,A3,3000,44,2
288142,A,2,A2,2000,28,1
739939,G,2,G2,1000,15,2
137389,A,3,A3,5000,91,1
864674,F,1,F1,1000,22,1
282081,A,3,A3,4000,86,4
511466,J,1,J1,3000,62,2
917175,B,2,B2,5000,100,2
747133,I,1,I1,5000,96,3
959928,J,1,J1,3000,66,2
985632,E,2,E2,5000,96,1
237242,J,1,J1,4000,86,3
781759,C,1,C1,2000,31,4
457673,F,1,F1,3000,54,3
459564,A,2,A2,2000,40,4
444616,A,2,A2,5000,94,3
703985,H,2,H2,2000,35,1
260741,J,1,J1,5000,97,3
665184,H,2,H2,3000,52,3
305315,A,1,A1,1000,2,4
558717,A,2,A2,4000,77,2
924779,E,3,E3,2000,31,4
795683,F,1,F1,5000,96,2
888655,J,1,J1,2000,34,4
164935,F,1,F1,4000,78,2
196734,J,1,J1,2000,37,3
575049,B,3,B3,5000,94,1
435161,A,3,A3,1000,19,4
972466,J,1,J1,1000,15,4
256405,H,2,H2,5000,91,1
329848,B,1,B1,1000,8,2
641171,G,1,G1,3000,56,1
917647,C,1,C1,5000,93,2
406521,D,1,D1,2000,29,2
714858,F,1,F1,2000,29,3
489940,J,1,J1,2000,37,1
105772,D,1,D1,5000,93,2
547982,E,3,E3,5000,92,1
506435,E,3,E3,5000,90,2
339283,A,1,A1,3000,48,4
469838,I,1,I1,5000,94,4
667497,J,1,J1,1000,8,1
992538,A,2,A2,5000,95,2
997141,E,1,E1,5000,89,4
619405,B,1,B1,4000,76,1
704836,D,1,D1,2000,40,4
841039,J,1,J1,1000,20,3
837603,J,1,J1,4000,81,3
888299,J,1,J1,2000,35,4
814101,B,1,B1,3000,44,4
765428,G,2,G2,4000,79,1
170309,B,3,B3,4000,77,4
646034,H,2,H2,5000,93,4
333100,J,1,J1,1000,20,3
770146,C,1,C1,2000,36,3
441375,A,2,A2,5000,98,3
421508,F,1,F1,5000,95,2
612966,D,2,D2,5000,99,3
336042,H,1,H1,1000,3,4
873813,G,1,G1,3000,47,3
141483,J,1,J1,5000,99,2
209897,E,3,E3,1000,6,3
489981,C,1,C1,4000,88,3
412886,H,2,H2,2000,25,1
863683,A,3,A3,4000,79,3
631906,A,2,A2,3000,42,1
127735,A,2,A2,1000,22,1
300498,B,3,B3,4000,80,2
743195,B,3,B3,3000,55,2
719923,A,3,A3,5000,100,4
819767,I,1,I1,5000,98,3
726082,C,2,C2,2000,30,4
102588,A,2,A2,5000,99,2
683712,J,1,J1,5000,98,3
716193,A,2,A2,5000,92,1
786472,G,2,G2,4000,75,1
923779,B,2,B2,5000,90,3
373848,C,1,C1,1000,10,3
244144,J,1,J1,2000,27,4
876683,A,2,A2,5000,96,1
489145,E,3,E3,5000,89,4
860101,G,1,G1,2000,28,2
415781,G,2,G2,4000,74,1
608732,A,3,A3,4000,85,3
923441,A,3,A3,5000,94,1
660119,C,2,C2,3000,46,3
240091,B,2,B2,2000,29,3
414114,E,3,E3,5000,90,1
683724,I,1,I1,2000,24,1
262630,A,1,A1,2000,35,1
129997,F,1,F1,5000,92,2
249968,B,2,B2,1000,19,2
151256,D,1,D1,4000,87,3
469136,J,1,J1,4000,80,3
240640,B,1,B1,4000,74,3
155347,H,1,H1,2000,37,2
999558,A,1,A1,3000,45,2
263125,C,2,C2,5000,93,1
162378,A,2,A2,1000,18,3
144381,G,2,G2,4000,72,2
694116,B,2,B2,2000,39,1
134564,J,1,J1,4000,85,4
382166,D,1,D1,4000,75,1
991085,A,3,A3,2000,34,2
936413,C,1,C1,5000,91,4
206238,E,3,E3,2000,33,1
646333,H,2,H2,2000,37,1
115688,E,1,E1,4000,76,4
684418,E,2,E2,4000,84,4
381230,D,1,D1,3000,54,2
243983,J,1,J1,2000,34,1
217919,C,2,C2,2000,33,2
562473,A,1,A1,4000,67,2
513140,G,1,G1,2000,34,1
254504,C,1,C1,1000,5,1
446255,B,3,B3,4000,88,4
143044,A,1,A1,3000,59,4
836458,H,1,H1,1000,9,2
409520,B,3,B3,4000,83,3
716170,E,2,E2,3000,42,1
707803,A,1,A1,5000,92,2
772968,A,2,A2,1000,6,1
357551,H,1,H1,3000,61,3
665684,C,2,C2,1000,3,4
524369,C,1,C1,2000,34,2
690221,B,2,B2,4000,76,2
441589,E,3,E3,2000,32,1
502313,A,3,A3,2000,24,2
828098,B,2,B2,2000,26,3
144329,A,3,A3,3000,45,2
558306,E,2,E2,5000,98,2
388461,I,1,I1,1000,9,2
718089,I,1,I1,2000,23,4
437541,F,1,F1,5000,94,1
255056,J,1,J1,1000,17,3
221455,J,1,J1,3000,42,4
435697,A,1,A1,4000,74,1
325080,H,2,H2,2000,37,4
689818,J,1,J1,2000,37,4
754479,B,2,B2,3000,55,1
301616,H,2,H2,2000,33,1
163771,H,1,H1,1000,20,3
776969,E,2,E2,1000,9,1
383902,G,1,G1,3000,65,1
424129,C,2,C2,4000,85,1
484984,B,2,B2,1000,6,1
951142,B,3,B3,5000,99,2
836231,F,1,F1,4000,83,2
337269,C,1,C1,5000,96,3
840594,E,2,E2,2000,32,1
644543,C,2,C2,2000,36,4
672019,A,1,A1,1000,10,2
680736,I,1,I1,5000,99,2
521945,A,3,A3,4000,71,1
435572,F,1,F1,1000,16,1
204087,A,1,A1,4000,83,3
566769,I,1,I1,2000,28,3
891841,F,1,F1,3000,62,1
952561,A,2,A2,2000,31,1
337544,J,1,J1,4000,68,2
785942,G,2,G2,5000,91,2
532516,B,2,B2,5000,94,4
947725,A,1,A1,5000,94,3
993685,A,1,A1,4000,69,4
326504,A,1,A1,4000,79,3
683089,B,1,B1,3000,49,3
341022,G,1,G1,5000,89,1
267696,J,1,J1,2000,33,3
401092,A,2,A2,2000,37,2
325621,A,2,A2,1000,16,4
523413,J,1,J1,3000,43,2
638082,E,2,E2,4000,82,4
161326,A,3,A3,5000,94,1
901530,A,2,A2,4000,72,3
313557,J,1,J1,2000,38,3
434078,A,1,A1,1000,14,4
198545,C,1,C1,5000,99,3
781992,C,1,C1,5000,95,3
636765,A,2,A2,1000,17,2
457387,A,1,A1,4000,68,2
538681,G,1,G1,3000,60,4
320658,J,1,J1,5000,93,4
724731,J,1,J1,5000,97,3
312417,A,1,A1,3000,53,4
957600,C,1,C1,5000,97,3
176507,C,2,C2,2000,36,1
310343,D,1,D1,4000,73,4
165520,H,1,H1,1000,6,1
946880,A,1,A1,1000,4,3
450999,B,2,B2,2000,38,3
684100,C,1,C1,3000,63,1
500242,J,1,J1,1000,2,1
368418,A,1,A1,1000,20,2
896772,D,1,D1,2000,34,4
803819,B,1,B1,4000,83,3
158513,F,1,F1,3000,58,2
752425,I,1,I1,3000,42,1
975217,A,2,A2,1000,15,1
700228,B,1,B1,5000,91,2
387840,A,2,A2,5000,90,1
213821,A,1,A1,1000,1,3
138730,A,3,A3,4000,77,2
420808,A,3,A3,5000,89,4
890342,E,2,E2,4000,75,4
147012,A,1,A1,5000,92,4
634849,B,2,B2,2000,29,3
557881,J,1,J1,1000,16,3
797510,H,1,H1,1000,7,3
424276,B,1,B1,2000,30,3
705513,H,1,H1,3000,43,2
372017,A,2,A2,5000,90,1
573834,E,3,E3,5000,97,1
200828,A,2,A2,3000,48,1
870962,E,2,E2,4000,88,2
101729,A,1,A1,3000,59,2
250314,J,1,J1,4000,68,2
103858,A,3,A3,2000,34,4
680909,A,2,A2,1000,12,1
401819,C,1,C1,2000,29,1
870490,C,2,C2,4000,86,2
988083,A,2,A2,5000,91,1
754552,J,1,J1,1000,19,3
629145,A,2,A2,2000,30,3
322317,J,1,J1,4000,75,1
963478,J,1,J1,2000,26,3
931945,A,3,A3,4000,71,4
375376,C,2,C2,3000,65,1
858363,E,2,E2,4000,87,3
870533,D,2,D2,3000,47,3
311635,A,1,A1,2000,40,4
817020,J,1,J1,5000,99,4
653874,I,1,I1,1000,22,4
333821,A,1,A1,5000,94,3
786905,J,1,J1,4000,87,1
407798,J,1,J1,1000,9,4
258461,C,1,C1,2000,32,4
169063,E,3,E3,2000,36,1
656426,A,3,A3,2000,36,1
665856,E,3,E3,5000,99,4
301913,F,1,F1,4000,78,4
428223,B,1,B1,5000,94,3
902489,J,1,J1,3000,56,3
659915,D,1,D1,4000,77,4
978123,I,1,I1,1000,8,1
705049,J,1,J1,2000,33,1
775342,D,1,D1,1000,17,3
220197,E,3,E3,2000,30,4
451627,B,1,B1,5000,94,4
379074,I,1,I1,1000,8,4
424887,J,1,J1,5000,94,3
703973,B,1,B1,1000,3,2
208841,A,2,A2,1000,1,3
182598,A,1,A1,3000,52,1
477351,A,1,A1,3000,47,1
558636,A,1,A1,3000,53,3
331471,B,2,B2,1000,13,1
601355,J,1,J1,5000,98,4
519688,I,1,I1,2000,34,1
752069,A,1,A1,1000,12,2
764980,A,1,A1,4000,67,2
660900,G,1,G1,5000,92,4
129486,E,3,E3,4000,86,2
265331,C,2,C2,5000,95,3
121320,B,2,B2,4000,80,3
540885,E,3,E3,3000,54,4
591215,C,1,C1,2000,32,3
951084,B,1,B1,2000,29,1
505327,H,2,H2,4000,75,2
555973,A,1,A1,3000,42,4
844961,C,1,C1,1000,13,2
833292,H,1,H1,2000,33,4
191762,C,2,C2,5000,90,4
245755,J,1,J1,5000,90,1
483074,A,1,A1,4000,83,2
103951,E,1,E1,4000,87,3
388192,H,2,H2,1000,3,4
327683,H,1,H1,4000,79,3
730063,B,2,B2,1000,21,4
326631,H,2,H2,5000,96,1
163913,H,2,H2,4000,77,2
233882,I,1,I1,1000,18,1
706377,D,1,D1,5000,97,1
451395,A,1,A1,2000,39,2
800160,J,1,J1,5000,90,1
777490,A,1,A1,5000,97,3
760637,B,2,B2,1000,8,3
926053,B,2,B2,4000,72,4
628733,B,2,B2,3000,45,1
163606,B,1,B1,1000,2,2
155868,A,1,A1,5000,95,2
601918,J,1,J1,1000,1,3
928340,H,1,H1,5000,98,2
578966,B,2,B2,3000,54,1
495013,B,1,B1,3000,57,4
181256,B,3,B3,1000,20,4
264829,A,3,A3,5000,89,2
401312,C,2,C2,2000,29,2
745607,A,1,A1,1000,4,1
906804,C,2,C2,5000,98,4
647786,B,1,B1,2000,32,3
252361,A,2,A2,1000,7,4
267253,H,2,H2,5000,89,2
945047,A,1,A1,2000,31,4
782369,J,1,J1,5000,93,4
119215,E,3,E3,3000,42,3
482536,D,1,D1,4000,84,3
844815,A,2,A2,3000,41,4
454845,A,2,A2,2000,23,3
409995,E,3,E3,4000,87,3
488604,I,1,I1,2000,31,4
876590,A,2,A2,1000,20,3
959752,D,1,D1,4000,85,4
760145,H,2,H2,1000,20,2
199916,J,1,J1,3000,54,1
699263,H,2,H2,5000,94,2
992174,G,2,G2,3000,62,4
626385,A,1,A1,5000,89,4
991752,B,3,B3,1000,12,3
216218,D,1,D1,3000,50,3
770567,E,2,E2,2000,30,1
386479,A,2,A2,2000,38,4
432421,A,3,A3,1000,7,4
547878,B,2,B2,5000,92,2
652635,A,3,A3,2000,40,4
696812,E,2,E2,2000,35,3
721520,B,3,B3,5000,94,4
552577,E,1,E1,5000,90,3
186939,I,1,I1,4000,75,1
676130,E,3,E3,4000,82,4
359065,H,1,H1,1000,8,4
696762,H,2,H2,4000,88,3
445227,J,1,J1,4000,86,1
397947,B,2,B2,1000,6,4
467840,G,2,G2,2000,36,1
253200,A,2,A2,4000,87,2
547164,E,1,E1,2000,40,4
764162,E,3,E3,2000,35,1
597771,F,1,F1,5000,95,3
600691,B,2,B2,3000,65,1
280331,A,2,A2,3000,41,2
262402,J,1,J1,4000,72,2
311639,J,1,J1,3000,51,3
311910,G,2,G2,2000,35,2
922071,A,1,A1,3000,57,1
237231,C,2,C2,5000,90,3
148457,E,1,E1,3000,47,4
499831,E,2,E2,4000,81,3
610813,I,1,I1,1000,8,3
686984,E,1,E1,5000,89,4
929567,H,2,H2,1000,7,4
907784,E,1,E1,2000,33,1
736994,C,1,C1,5000,96,4
943759,C,1,C1,2000,30,2
963846,B,3,B3,1000,3,2
396682,F,1,F1,2000,29,2
568180,I,1,I1,1000,1,3
781210,F,1,F1,3000,62,3
768720,F,1,F1,4000,83,1
842609,F,1,F1,5000,98,2
784012,J,1,J1,2000,32,2
257471,A,1,A1,4000,83,4
857175,C,2,C2,1000,11,1
153206,C,1,C1,4000,67,4
631925,H,1,H1,4000,87,1
827699,D,1,D1,4000,77,4
291421,G,1,G1,2000,39,4
865820,A,1,A1,5000,98,3
578263,A,1,A1,4000,78,1
774047,B,3,B3,1000,18,2
570268,B,2,B2,1000,22,2
547836,C,1,C1,5000,89,3
630440,E,2,E2,3000,56,2
185798,I,1,I1,1000,11,2
988298,B,1,B1,4000,76,4
810540,E,1,E1,3000,63,4
970686,B,3,B3,1000,21,1
605522,C,1,C1,4000,80,1
206259,H,1,H1,2000,39,2
256817,D,1,D1,5000,98,4
317708,H,2,H2,3000,44,1
129477,C,2,C2,2000,35,1
461623,A,3,A3,5000,93,3
506285,B,1,B1,5000,100,1
298455,B,1,B1,1000,3,3
353684,C,1,C1,5000,97,1
835758,A,2,A2,2000,36,3
581770,J,1,J1,4000,72,4
537192,G,2,G2,2000,40,1
816141,A,1,A1,4000,84,4
376416,A,3,A3,2000,33,3
697541,H,1,H1,3000,54,1
775956,C,2,C2,5000,89,1
510641,I,1,I1,2000,23,4
672412,D,2,D2,2000,36,2
719546,C,1,C1,5000,89,4
572864,H,2,H2,1000,11,1
844841,E,3,E3,2000,33,2
304863,A,2,A2,5000,89,3
276287,B,3,B3,3000,63,3
997053,A,2,A2,1000,16,3
198840,G,2,G2,1000,17,1
949011,A,3,A3,3000,56,2
238004,I,1,I1,4000,78,4
631722,J,1,J1,4000,68,2
941409,A,2,A2,3000,60,1
771798,J,1,J1,4000,78,4
369354,I,1,I1,5000,98,4
183496,E,1,E1,3000,52,2
313588,C,2,C2,4000,75,4
468727,E,2,E2,4000,74,3
591958,D,2,D2,2000,37,2
543393,B,2,B2,3000,42,2
675650,A,1,A1,3000,58,1
979620,J,1,J1,5000,90,3
775773,C,1,C1,2000,33,4
260685,J,1,J1,2000,23,1
877877,A,2,A2,1000,3,4
814591,E,2,E2,2000,26,3
653579,C,1,C1,3000,62,1
352376,E,1,E1,5000,94,4
295335,A,1,A1,2000,35,1
202827,B,3,B3,4000,69,3
470170,A,3,A3,4000,85,2
931350,B,1,B1,1000,20,1
629246,A,1,A1,1000,10,2
528307,H,1,H1,2000,34,4
121565,J,1,J1,5000,100,4
474662,E,1,E1,5000,89,1
557190,E,3,E3,4000,77,1
924830,A,3,A3,2000,31,1
751481,E,3,E3,4000,76,2
206682,G,2,G2,5000,91,2
216820,E,1,E1,3000,64,2
409900,G,1,G1,2000,27,3
771118,J,1,J1,4000,82,4
956820,B,2,B2,2000,31,4
411678,F,1,F1,1000,14,2
220790,A,1,A1,3000,49,3
125241,A,3,A3,1000,12,3
933347,H,1,H1,3000,57,2
907684,A,2,A2,4000,82,3
888884,G,2,G2,3000,42,2
813378,A,2,A2,3000,41,4
747321,B,3,B3,3000,55,1
468967,E,3,E3,5000,89,3
653771,G,1,G1,4000,85,4
578079,A,1,A1,3000,57,1
606665,G,1,G1,4000,77,1
349440,B,3,B3,3000,51,1
748425,J,1,J1,3000,66,3
727336,A,2,A2,4000,80,4
983322,A,2,A2,3000,60,1
203383,A,3,A3,2000,24,2
340262,J,1,J1,2000,23,2
455071,F,1,F1,5000,100,1
471384,G,1,G1,3000,44,3
620382,B,1,B1,1000,6,1
998704,I,1,I1,3000,45,3
941475,J,1,J1,2000,24,3
440040,J,1,J1,2000,28,4
498912,B,1,B1,3000,50,1
619371,C,2,C2,2000,33,4
759921,C,1,C1,2000,40,2
480012,B,2,B2,3000,55,2
120197,A,1,A1,2000,30,2
326009,A,3,A3,4000,77,2
762473,H,1,H1,2000,32,4
613523,B,2,B2,4000,75,3
991348,B,1,B1,4000,78,1
126488,J,1,J1,4000,80,4
536186,B,3,B3,4000,68,4
291046,C,1,C1,3000,50,2
493487,B,1,B1,4000,80,4
155388,B,1,B1,5000,93,1
130615,E,1,E1,3000,51,1
733202,H,1,H1,3000,45,4
831218,F,1,F1,4000,83,4
516115,C,1,C1,1000,12,1
926029,F,1,F1,1000,3,4
783956,I,1,I1,4000,82,1
966071,A,2,A2,3000,41,2
302194,A,1,A1,5000,94,1
885018,H,1,H1,1000,3,2
376812,H,2,H2,5000,96,2
240756,B,3,B3,5000,92,3
186503,J,1,J1,5000,91,3
966461,A,2,A2,3000,41,2
259685,H,1,H1,1000,10,3
348528,H,1,H1,1000,17,2
835093,B,3,B3,4000,77,1
443531,I,1,I1,2000,33,1
418502,E,3,E3,4000,74,4
425591,E,3,E3,5000,96,2
900665,A,2,A2,1000,2,1
170444,D,2,D2,5000,100,3
431205,B,2,B2,1000,19,4
905811,B,3,B3,3000,41,4
916644,B,2,B2,4000,82,4
335349,A,1,A1,1000,17,4
161452,C,1,C1,3000,61,2
595580,D,1,D1,3000,65,3
948334,C,2,C2,2000,37,4
453654,E,3,E3,3000,42,4
807839,G,2,G2,5000,95,1
994072,E,2,E2,3000,62,1
707724,A,1,A1,2000,25,2
745867,E,1,E1,4000,82,3
656474,A,3,A3,4000,76,1
956153,I,1,I1,5000,96,3
682294,E,3,E3,2000,28,3
673252,B,2,B2,4000,83,3
709104,B,2,B2,3000,54,4
347293,C,2,C2,4000,84,4
537959,B,1,B1,2000,33,4
721583,B,1,B1,4000,78,1
984353,C,1,C1,5000,90,1
472992,J,1,J1,4000,80,1
874852,J,1,J1,4000,88,3
947129,G,1,G1,3000,66,4
438405,J,1,J1,5000,94,1
432361,E,2,E2,3000,46,3
330447,H,1,H1,1000,4,1
317880,J,1,J1,4000,73,1
176713,F,1,F1,2000,34,4
431327,C,1,C1,5000,93,4
784337,A,1,A1,2000,40,4
949866,E,2,E2,5000,94,3
545919,E,2,E2,2000,23,4
185904,B,3,B3,5000,94,3
562801,J,1,J1,4000,72,3
395674,J,1,J1,5000,100,3
711772,C,1,C1,2000,24,3
267242,B,3,B3,3000,42,2
796273,A,2,A2,5000,95,2
605716,A,1,A1,2000,32,4
968179,H,2,H2,2000,33,2
357403,D,1,D1,2000,33,4
621669,B,2,B2,3000,66,2
357093,H,1,H1,1000,7,1
942123,C,1,C1,4000,69,3
625723,G,2,G2,2000,33,4
712493,J,1,J1,2000,34,1
726343,E,2,E2,1000,15,3
988265,H,1,H1,2000,25,4
428008,C,1,C1,4000,67,2
420863,C,2,C2,5000,97,2
478274,A,2,A2,2000,27,1
994289,J,1,J1,3000,45,3
624883,E,2,E2,3000,62,1
687384,A,2,A2,4000,77,3
607733,A,1,A1,1000,5,3
866500,C,1,C1,3000,56,3
779556,C,1,C1,2000,33,4
110098,A,1,A1,1000,15,3
896927,C,1,C1,3000,59,2
221029,A,1,A1,5000,100,1
696059,C,1,C1,4000,85,4
438149,A,1,A1,1000,8,3
472605,J,1,J1,1000,21,4
583104,A,1,A1,3000,49,1
878581,C,1,C1,4000,79,2
776654,A,1,A1,3000,51,3
851702,F,1,F1,5000,93,1
996198,B,3,B3,3000,50,2
395181,J,1,J1,5000,98,1
460274,B,2,B2,4000,68,2
291909,I,1,I1,5000,97,3
815938,F,1,F1,1000,3,3
567950,E,3,E3,4000,71,2
942811,B,1,B1,1000,17,2
587541,J,1,J1,3000,42,3
416797,A,1,A1,3000,41,4
696236,E,3,E3,4000,86,4
631985,E,2,E2,5000,98,2
538657,G,2,G2,4000,68,2
150032,A,1,A1,3000,48,4
373558,I,1,I1,4000,84,3
182576,J,1,J1,1000,19,4
147121,B,1,B1,3000,56,2
127039,B,3,B3,1000,16,4
728079,J,1,J1,4000,76,1
764769,H,1,H1,3000,43,3
593907,B,1,B1,2000,36,4
536422,A,3,A3,3000,60,3
438647,D,1,D1,2000,34,4
104840,B,3,B3,2000,24,1
358167,C,1,C1,1000,8,2
268037,A,1,A1,1000,6,1
766199,I,1,I1,2000,32,1
640421,C,2,C2,3000,55,3
442985,I,1,I1,3000,44,4
518368,A,2,A2,4000,71,1
302728,D,2,D2,1000,5,4
995776,J,1,J1,1000,20,4
672917,A,1,A1,3000,66,3
413312,G,2,G2,4000,87,3
644668,C,1,C1,4000,80,2
209320,B,1,B1,1000,11,1
854152,H,2,H2,5000,98,2
493935,F,1,F1,1000,10,2
556634,F,1,F1,5000,95,2
521103,C,1,C1,4000,84,3
507299,H,1,H1,4000,83,4
396314,E,2,E2,4000,70,3
111200,C,1,C1,2000,36,4
661854,H,2,H2,3000,60,3
434892,E,2,E2,3000,55,2
334572,C,2,C2,3000,66,3
500423,B,3,B3,3000,51,4
695821,C,1,C1,3000,63,4
203794,A,2,A2,5000,94,2
618376,G,2,G2,3000,54,4
969091,A,1,A1,2000,31,2
889609,F,1,F1,5000,93,2
521891,E,2,E2,2000,27,4
880683,F,1,F1,3000,41,4
923380,C,1,C1,5000,98,2
938475,A,1,A1,5000,100,2
397312,J,1,J1,5000,91,3
111244,E,3,E3,2000,30,1
773707,H,1,H1,2000,32,4
332867,C,2,C2,1000,21,2
717030,B,2,B2,1000,15,4
132573,C,1,C1,3000,49,3
137663,J,1,J1,1000,8,1
300467,F,1,F1,4000,86,3
983638,C,2,C2,2000,36,3
352086,I,1,I1,4000,81,2
530687,H,1,H1,5000,90,1
164465,D,1,D1,4000,87,1
892691,G,1,G1,1000,13,4
539242,C,1,C1,5000,95,4
580143,B,1,B1,4000,87,2
178705,A,2,A2,2000,33,3
265256,C,2,C2,4000,69,3
969197,C,2,C2,3000,61,1
251445,H,1,H1,4000,74,2
177045,J,1,J1,4000,67,4
625429,D,1,D1,1000,20,3
629384,C,1,C1,5000,100,1
245350,A,2,A2,1000,2,1
777652,H,1,H1,5000,96,1
405610,B,3,B3,3000,47,3
210148,F,1,F1,3000,62,1
233188,C,1,C1,3000,49,2
356545,A,1,A1,4000,68,1
733477,A,2,A2,2000,39,3
507531,C,1,C1,1000,8,4
405412,A,1,A1,2000,26,2
922079,A,2,A2,1000,10,2
182001,B,3,B3,4000,79,2
509976,B,1,B1,3000,41,3
736870,E,1,E1,5000,93,2
525739,C,2,C2,3000,58,1
916033,C,2,C2,1000,14,2
894662,E,2,E2,3000,51,3
693301,G,1,G1,2000,24,2
395684,A,3,A3,2000,23,3
723831,A,3,A3,5000,99,2
902289,H,2,H2,5000,98,4
897684,A,1,A1,1000,3,1
193923,B,1,B1,4000,71,1
522853,C,1,C1,1000,21,4
705058,G,2,G2,2000,37,3
479420,E,3,E3,4000,82,1
524758,D,1,D1,4000,87,1
344708,H,1,H1,5000,98,2
895019,D,1,D1,2000,28,2
222953,D,1,D1,4000,82,3
612067,C,2,C2,3000,49,2
249367,B,1,B1,2000,25,2
297863,C,1,C1,4000,71,3
445874,E,1,E1,2000,25,2
861592,H,1,H1,1000,3,4
313259,B,3,B3,5000,99,1
898647,I,1,I1,3000,58,4
149594,J,1,J1,5000,98,3
678930,I,1,I1,4000,67,2
446539,A,3,A3,3000,48,2
510850,E,2,E2,2000,39,4
445301,F,1,F1,2000,30,2
246570,A,1,A1,4000,79,4
951169,A,1,A1,4000,81,3
468969,E,1,E1,5000,96,4
138761,G,1,G1,2000,27,1
783290,B,3,B3,1000,7,1
339442,H,1,H1,1000,10,4
866032,C,1,C1,3000,63,4
270753,C,1,C1,1000,21,1
846273,I,1,I1,2000,38,2
620911,H,1,H1,1000,4,1
846313,G,2,G2,3000,60,2
330673,E,2,E2,3000,43,4
996734,H,2,H2,1000,2,4
331756,B,2,B2,3000,50,2
682722,B,3,B3,1000,5,1
841972,J,1,J1,2000,23,2
487835,H,1,H1,3000,45,4
318417,E,3,E3,4000,79,2
392222,J,1,J1,4000,67,1
987765,B,1,B1,2000,29,2
161734,H,1,H1,3000,56,2
755402,A,1,A1,2000,33,4
676692,J,1,J1,4000,79,4
398312,C,1,C1,4000,75,1
907880,B,2,B2,4000,83,4
944109,G,1,G1,3000,46,4
884547,C,2,C2,5000,100,3
371343,J,1,J1,2000,32,1
672742,B,2,B2,5000,96,2
460573,J,1,J1,5000,90,3
434676,I,1,I1,3000,46,3
946647,B,1,B1,5000,92,3
601005,C,2,C2,1000,4,4
417608,A,3,A3,2000,29,1
367894,A,1,A1,3000,52,4
172295,H,1,H1,4000,78,3
338443,H,2,H2,5000,97,1
357880,H,1,H1,5000,95,3
363383,J,1,J1,5000,99,4
116032,A,1,A1,5000,90,2
255023,D,2,D2,5000,90,2
957216,B,3,B3,3000,47,4
372575,J,1,J1,3000,66,1
440934,E,2,E2,4000,68,1
108632,A,1,A1,5000,91,2
495619,A,3,A3,5000,94,3
799870,H,1,H1,4000,86,3
789929,A,1,A1,5000,89,4
215356,D,1,D1,4000,80,2
306755,F,1,F1,5000,93,1
488603,B,3,B3,3000,62,2
808152,J,1,J1,2000,31,4
311384,C,2,C2,5000,96,2
736907,B,3,B3,3000,61,2
898784,H,2,H2,5000,96,1
419938,B,2,B2,1000,8,1
627424,A,1,A1,4000,71,1
150234,I,1,I1,4000,72,4
212577,I,1,I1,4000,83,1
131334,A,1,A1,3000,52,4
676340,G,2,G2,1000,5,4
810916,B,1,B1,4000,88,1
677114,A,3,A3,4000,80,4
341515,E,2,E2,5000,99,2
554456,E,2,E2,1000,21,2
497800,A,1,A1,1000,15,4
609800,A,2,A2,3000,65,4
819331,A,1,A1,5000,90,3
272059,C,1,C1,5000,94,4
506551,D,2,D2,3000,51,1
797134,E,2,E2,3000,63,4
517998,G,2,G2,5000,89,4
395033,B,3,B3,2000,32,3
735404,A,2,A2,3000,42,4
360325,H,2,H2,1000,11,2
596204,A,3,A3,3000,61,3
643859,A,1,A1,1000,4,3
218339,A,3,A3,2000,35,1
824788,H,1,H1,2000,39,4
624017,F,1,F1,1000,5,1
715582,A,1,A1,1000,2,3
166691,J,1,J1,4000,86,4
647681,J,1,J1,3000,50,3
775352,B,3,B3,2000,24,2
884697,A,3,A3,1000,13,1
966355,D,1,D1,3000,50,3
524258,A,3,A3,1000,16,4
988997,J,1,J1,4000,82,2
913678,B,3,B3,5000,95,4
292106,A,3,A3,1000,2,2
213156,E,3,E3,5000,95,1
714765,B,1,B1,1000,18,1
767827,F,1,F1,2000,37,4
324769,A,2,A2,5000,99,3
150313,E,3,E3,3000,41,1
289755,A,3,A3,4000,78,3
690450,C,1,C1,3000,42,1
808518,J,1,J1,3000,60,4
177510,A,3,A3,1000,22,4
215167,A,1,A1,4000,80,4
648277,G,2,G2,1000,18,2
872056,F,1,F1,4000,82,4
329941,A,2,A2,1000,6,3
497166,C,2,C2,2000,33,3
981593,A,1,A1,3000,51,1
577086,B,1,B1,2000,27,4
290028,A,1,A1,2000,28,2
793198,A,3,A3,5000,93,2
654918,E,2,E2,2000,38,1
377051,A,1,A1,3000,52,4
696177,J,1,J1,3000,54,4
717988,A,2,A2,1000,2,1
873988,J,1,J1,3000,52,1
944675,J,1,J1,2000,27,2
409443,J,1,J1,4000,84,2
917816,E,2,E2,2000,34,1
966067,I,1,I1,3000,63,1
312031,B,3,B3,3000,47,4
736583,A,1,A1,5000,90,2
833544,A,1,A1,5000,93,2
770998,E,2,E2,5000,89,2
642729,G,1,G1,5000,90,1
558467,A,2,A2,4000,75,4
423554,H,1,H1,1000,8,2
351098,E,1,E1,3000,53,3
313838,D,1,D1,3000,48,3
217151,J,1,J1,5000,96,2
913416,G,1,G1,5000,97,2
949053,E,1,E1,4000,87,2
479263,J,1,J1,3000,63,4
268907,A,1,A1,3000,64,1
684843,A,2,A2,2000,36,3
459562,B,1,B1,3000,62,3
509142,J,1,J1,3000,62,2
777236,F,1,F1,4000,75,1
702422,D,1,D1,2000,38,1
165848,H,2,H2,4000,80,4
314908,A,1,A1,4000,88,1
895548,J,1,J1,3000,51,3
440264,E,2,E2,1000,10,3
281893,C,1,C1,2000,24,1
554535,E,1,E1,3000,53,1
774821,F,1,F1,4000,68,3
455957,C,1,C1,1000,12,2
174632,A,3,A3,5000,100,4
120762,C,1,C1,1000,2,3
249966,J,1,J1,4000,80,1
303961,E,2,E2,2000,26,4
310596,A,2,A2,5000,98,4
573657,B,2,B2,4000,68,1
678755,A,1,A1,1000,21,4
818041,A,2,A2,5000,94,4
542287,C,1,C1,1000,19,3
506635,G,1,G1,3000,59,4
546644,I,1,I1,2000,24,1
449708,A,1,A1,5000,97,3
629212,J,1,J1,1000,19,2
349291,A,1,A1,3000,45,1
334286,E,1,E1,2000,39,3
901720,J,1,J1,3000,41,3
623820,H,2,H2,5000,89,3
699711,C,1,C1,4000,77,2
745772,B,1,B1,5000,93,2
819471,F,1,F1,4000,73,3
550018,D,1,D1,2000,40,3
807500,I,1,I1,1000,14,3
635523,B,3,B3,1000,20,2
232759,C,2,C2,2000,30,4
955428,J,1,J1,4000,86,4
744794,F,1,F1,4000,69,2
385328,I,1,I1,2000,30,2
180565,I,1,I1,4000,88,3
844247,A,1,A1,4000,88,4
840053,I,1,I1,3000,46,3
849693,C,1,C1,3000,44,1
478889,E,3,E3,4000,86,1
683716,B,2,B2,2000,27,4
125652,I,1,I1,2000,36,4
971795,J,1,J1,4000,87,3
222111,A,2,A2,3000,46,4
257030,A,2,A2,5000,96,2
476844,F,1,F1,4000,82,3
597643,C,1,C1,5000,97,4
664135,A,3,A3,1000,19,1
893473,A,2,A2,2000,27,1
517975,B,2,B2,4000,79,3
435584,F,1,F1,2000,29,3
272360,A,1,A1,1000,19,4
559198,C,2,C2,1000,18,2
257195,C,2,C2,4000,73,1
990951,H,2,H2,3000,55,4
614846,B,2,B2,5000,97,3
814685,B,1,B1,3000,49,3
562804,D,1,D1,1000,3,2
730738,H,1,H1,4000,88,3
971391,C,1,C1,3000,60,1
218307,E,2,E2,2000,30,1
449274,H,2,H2,1000,22,1
535413,C,1,C1,1000,18,1
181645,A,1,A1,5000,91,2
733187,A,2,A2,2000,25,1
284731,C,2,C2,4000,67,1
964110,A,3,A3,3000,49,4
538050,J,1,J1,2000,33,4
810948,C,1,C1,5000,98,4
644931,F,1,F1,2000,35,3
638953,A,2,A2,3000,66,1
149861,C,1,C1,5000,94,4
142665,G,2,G2,1000,6,2
640506,B,1,B1,1000,4,1
646135,A,2,A2,3000,51,1
616791,A,2,A2,3000,58,2
786620,J,1,J1,1000,18,2
179196,J,1,J1,2000,24,1
124602,C,2,C2,5000,96,4
237880,C,2,C2,3000,59,1
111886,B,3,B3,5000,97,3
985801,E,2,E2,3000,63,2
574739,A,1,A1,2000,23,1
136638,F,1,F1,3000,62,2
834504,B,1,B1,3000,52,2
392811,J,1,J1,1000,3,4
769448,J,1,J1,1000,18,4
739722,B,2,B2,2000,33,1
410467,E,1,E1,2000,38,3
914670,C,1,C1,3000,55,3
483127,I,1,I1,2000,39,1
291369,E,1,E1,5000,90,1
903646,E,2,E2,1000,6,1
560260,I,1,I1,4000,76,2
658699,C,1,C1,5000,100,3
536316,B,2,B2,4000,71,4
445667,B,2,B2,2000,35,4
268387,B,1,B1,4000,77,1
751106,J,1,J1,2000,25,2
363084,F,1,F1,2000,38,4
273813,H,1,H1,5000,94,4
792069,F,1,F1,2000,31,2
894171,H,1,H1,4000,80,3
892499,H,2,H2,5000,94,4
763228,C,1,C1,4000,67,3
740880,G,2,G2,1000,19,1
467687,J,1,J1,3000,46,2
677650,J,1,J1,2000,23,1
713709,J,1,J1,2000,30,1
544876,A,3,A3,4000,71,3
403887,G,2,G2,3000,50,1
709214,H,2,H2,4000,75,4
688077,G,2,G2,5000,94,1
136448,G,2,G2,1000,19,4
446984,A,1,A1,3000,42,2
188868,C,1,C1,4000,86,3
455430,H,2,H2,3000,63,4
703665,B,3,B3,3000,64,4
926764,J,1,J1,3000,62,3
827755,B,1,B1,3000,65,4
866753,B,1,B1,5000,96,2
974139,I,1,I1,4000,71,2
482846,A,2,A2,3000,53,1
171048,I,1,I1,1000,3,4
292139,E,1,E1,5000,97,2
212448,E,1,E1,5000,97,3
857959,C,1,C1,2000,24,3
998472,A,1,A1,5000,99,1
864174,D,1,D1,4000,79,2
785564,E,3,E3,2000,37,1
477594,F,1,F1,1000,8,3
987886,A,2,A2,2000,23,1
346368,H,1,H1,5000,98,3
807461,H,1,H1,4000,69,3
839581,A,1,A1,4000,78,1
212735,E,2,E2,1000,3,3
836985,D,1,D1,4000,81,1
265371,J,1,J1,2000,29,1
475090,J,1,J1,2000,26,2
352793,J,1,J1,4000,72,2
880408,B,1,B1,5000,99,3
376283,G,2,G2,2000,28,1
643720,A,3,A3,5000,94,4
464241,E,2,E2,3000,64,2
486331,J,1,J1,1000,4,2
523223,C,2,C2,1000,1,2
488249,A,1,A1,1000,5,3
227632,B,1,B1,3000,41,1
840122,B,2,B2,1000,4,4
432933,B,1,B1,1000,20,2
256886,B,3,B3,5000,94,2
757679,F,1,F1,4000,68,3
253120,H,1,H1,2000,39,1
695664,B,3,B3,1000,20,4
759847,J,1,J1,3000,60,2
814158,E,2,E2,2000,34,1
689118,A,1,A1,1000,3,1
845662,A,1,A1,1000,14,2
617802,H,2,H2,3000,58,1
177623,G,2,G2,1000,9,3
218519,B,1,B1,2000,33,1
146634,H,1,H1,2000,28,4
653093,E,2,E2,1000,14,2
645418,J,1,J1,2000,32,2
671000,J,1,J1,3000,44,3
537386,A,1,A1,2000,24,3
226679,E,3,E3,4000,82,2
999127,B,2,B2,3000,43,2
643124,E,2,E2,3000,44,4
871178,H,2,H2,2000,23,3
660655,C,2,C2,5000,96,2
581174,I,1,I1,5000,93,4
971006,B,3,B3,5000,92,4
840577,C,1,C1,1000,8,2
929199,A,2,A2,1000,15,1
547062,I,1,I1,3000,41,1
800087,G,2,G2,4000,84,4
867960,B,1,B1,5000,97,4
231930,C,2,C2,3000,46,1
836757,E,2,E2,1000,7,2
351150,A,1,A1,2000,33,1
272660,A,3,A3,5000,90,4
774451,J,1,J1,5000,93,1
355151,A,2,A2,4000,86,3
468396,E,1,E1,2000,27,3
511850,B,3,B3,5000,93,4
564753,J,1,J1,3000,51,2
884709,J,1,J1,1000,20,1
400754,A,1,A1,1000,13,3
206446,A,2,A2,4000,83,1
620922,J,1,J1,2000,37,3
572248,C,1,C1,5000,91,1
546807,J,1,J1,2000,38,2
440193,J,1,J1,4000,70,3
181266,H,1,H1,5000,92,1
216966,J,1,J1,2000,31,3
662716,A,1,A1,4000,67,2
701086,J,1,J1,5000,96,3
968555,B,3,B3,4000,86,3
363266,A,3,A3,2000,38,2
275263,H,2,H2,4000,78,2
120849,B,1,B1,2000,40,1
747081,C,1,C1,2000,29,1
296679,A,2,A2,5000,98,4
558244,H,1,H1,5000,95,2
567455,I,1,I1,2000,34,2
695544,H,1,H1,3000,63,3
645075,E,1,E1,3000,48,1
464052,A,2,A2,5000,89,4
121455,A,1,A1,5000,91,3
485412,A,3,A3,5000,96,1
642005,B,1,B1,5000,92,1
475046,J,1,J1,2000,31,4
111104,H,1,H1,3000,49,4
811796,I,1,I1,3000,61,3
272136,J,1,J1,3000,41,2
124320,B,1,B1,4000,84,3
209042,B,2,B2,4000,72,3
887888,E,3,E3,5000,90,3
246520,J,1,J1,5000,95,3
959636,D,1,D1,4000,79,2
318184,G,2,G2,5000,91,4
877090,B,1,B1,5000,100,4
713075,I,1,I1,1000,8,1
355435,A,3,A3,5000,90,2
855569,C,1,C1,2000,34,2
431053,B,2,B2,2000,32,3
883331,H,1,H1,3000,45,4
862531,H,1,H1,2000,24,3
181108,H,1,H1,3000,57,4
598037,H,1,H1,3000,50,1
413237,A,2,A2,2000,25,3
387461,J,1,J1,5000,99,1
409967,I,1,I1,2000,32,1
164065,J,1,J1,2000,34,4
820262,F,1,F1,5000,99,4
853979,A,1,A1,4000,79,4
589301,H,1,H1,4000,78,1
411889,B,2,B2,2000,31,4
421714,A,2,A2,4000,77,3
126339,F,1,F1,1000,22,4
150394,C,1,C1,5000,91,1
581866,H,2,H2,4000,88,4
558848,A,3,A3,1000,16,2
502228,B,3,B3,4000,87,4
658235,B,2,B2,2000,39,1
146478,A,3,A3,3000,63,1
336332,C,1,C1,2000,37,4
157012,E,3,E3,2000,26,4
105840,H,1,H1,3000,59,1
139853,J,1,J1,5000,95,3
301295,D,1,D1,2000,25,2
397301,B,3,B3,1000,10,2
778599,H,1,H1,1000,17,4
318520,A,2,A2,3000,52,2
369826,D,1,D1,5000,92,4
879157,B,1,B1,3000,54,4
160396,F,1,F1,4000,83,3
675806,D,1,D1,5000,95,4
227557,A,1,A1,1000,17,3
157278,B,3,B3,5000,96,4
662357,D,1,D1,4000,67,4
824732,B,2,B2,5000,94,1
329662,A,3,A3,5000,91,1
425333,F,1,F1,4000,77,4
849152,B,3,B3,1000,5,3
199910,D,1,D1,1000,3,3
317533,C,1,C1,3000,66,3
344660,B,1,B1,5000,94,4
540309,J,1,J1,5000,99,3
265607,H,1,H1,5000,98,2
526801,J,1,J1,5000,94,2
686866,B,2,B2,5000,100,1
698307,A,2,A2,2000,30,1
241929,C,1,C1,4000,86,2
576321,E,2,E2,5000,97,4
288244,A,3,A3,5000,91,1
280971,B,1,B1,2000,37,2
200874,E,2,E2,5000,95,4
376871,A,1,A1,5000,95,3
258969,A,1,A1,2000,24,3
910177,C,2,C2,1000,10,3
206826,C,1,C1,2000,32,3
463661,C,1,C1,4000,72,1
236626,A,2,A2,5000,95,4
316679,B,1,B1,4000,84,4
391225,J,1,J1,3000,63,2
675140,C,1,C1,3000,57,1
884013,A,1,A1,3000,63,1
294241,F,1,F1,4000,88,1
812627,G,2,G2,3000,58,1
225115,J,1,J1,3000,66,4
765510,B,3,B3,5000,95,1
308117,J,1,J1,2000,36,2
649938,G,2,G2,2000,36,2
973919,A,1,A1,3000,63,3
685359,E,2,E2,4000,85,2
895489,C,1,C1,1000,19,2
166893,C,1,C1,4000,82,4
980307,D,2,D2,3000,50,4
313007,J,1,J1,2000,35,4
260012,E,2,E2,5000,96,3
132126,A,3,A3,2000,34,3
691038,A,3,A3,2000,30,1
882895,I,1,I1,1000,13,4
154307,C,1,C1,2000,23,4
934740,A,1,A1,5000,89,3
507178,C,2,C2,1000,3,4
774682,E,2,E2,5000,95,4
928198,J,1,J1,2000,39,2
253759,B,3,B3,1000,7,3
790534,E,2,E2,5000,95,4
595074,E,2,E2,1000,20,2
831531,A,1,A1,3000,51,2
140161,A,3,A3,5000,94,1
389881,H,2,H2,2000,25,2
918200,C,1,C1,5000,100,3
756549,A,3,A3,4000,72,3
708676,B,3,B3,5000,100,4
685244,E,1,E1,5000,89,2
282741,B,3,B3,3000,52,2
120922,G,1,G1,1000,9,1
706733,D,1,D1,4000,78,2
847431,C,2,C2,3000,57,2
556755,G,2,G2,1000,15,4
541095,A,1,A1,4000,71,2
307612,E,2,E2,3000,63,2
505402,E,1,E1,4000,73,1
233474,B,3,B3,3000,54,2
769321,F,1,F1,5000,89,3
501489,C,1,C1,3000,41,2
530451,A,1,A1,5000,100,3
749396,B,1,B1,3000,61,2
860386,A,2,A2,1000,17,1
930588,I,1,I1,4000,81,2
465946,B,3,B3,4000,83,2
111840,A,2,A2,5000,92,3
465228,C,1,C1,4000,83,1
542203,H,2,H2,3000,47,2
709814,A,1,A1,1000,6,3
393434,I,1,I1,4000,82,1
840333,B,3,B3,5000,98,4
913722,F,1,F1,4000,67,3
826696,C,2,C2,3000,56,1
471988,C,1,C1,3000,49,2
433320,G,2,G2,3000,54,2
536487,A,2,A2,5000,92,3
109795,A,1,A1,3000,53,2
439425,B,1,B1,1000,4,3
254249,A,1,A1,3000,41,1
507739,E,2,E2,5000,100,2
864261,A,1,A1,2000,33,3
862746,J,1,J1,1000,9,2
456330,A,1,A1,4000,73,4
697207,F,1,F1,4000,67,1
402010,I,1,I1,5000,99,3
930135,J,1,J1,2000,23,4
743141,J,1,J1,2000,25,4
606095,C,2,C2,4000,88,3
526123,A,2,A2,1000,14,1
950134,I,1,I1,5000,96,2
126757,C,2,C2,3000,41,4
761302,E,1,E1,5000,96,2
546232,D,1,D1,2000,33,3
922821,F,1,F1,2000,26,3
736011,C,1,C1,3000,48,4
538964,I,1,I1,4000,87,4
130461,E,1,E1,3000,47,1
201819,J,1,J1,5000,99,2
882116,B,2,B2,3000,58,2
690110,A,3,A3,5000,96,2
456786,B,1,B1,5000,91,1
421241,J,1,J1,5000,98,3
831731,I,1,I1,2000,26,3
528060,A,1,A1,4000,74,2
176968,A,2,A2,2000,26,3
281309,J,1,J1,5000,92,3
453253,H,1,H1,2000,26,3
934675,D,1,D1,4000,87,4
127972,A,3,A3,4000,83,4
951337,G,2,G2,3000,46,1
410383,C,1,C1,1000,20,1
661617,A,3,A3,1000,7,4
724196,B,1,B1,3000,43,3
606392,G,1,G1,3000,64,2
619390,C,1,C1,4000,87,1
266226,C,2,C2,5000,100,2
749058,H,1,H1,3000,60,1
130594,I,1,I1,4000,79,1
389718,J,1,J1,5000,96,1
592400,J,1,J1,2000,30,3
908687,A,3,A3,3000,57,4
881163,I,1,I1,5000,94,4
370024,J,1,J1,2000,23,2
318960,I,1,I1,5000,91,1
353781,C,1,C1,5000,97,3
499607,C,1,C1,1000,15,2
943164,D,1,D1,4000,73,2
218684,F,1,F1,3000,59,2
747193,F,1,F1,4000,71,3
852240,A,1,A1,2000,38,3
757957,A,3,A3,1000,7,4
519655,C,1,C1,4000,87,2
509208,F,1,F1,3000,57,2
419520,A,1,A1,5000,93,3
956987,C,1,C1,1000,20,2
853252,J,1,J1,1000,5,3
560786,E,1,E1,5000,91,2
608604,B,3,B3,4000,86,1
614770,A,1,A1,3000,62,2
152997,E,3,E3,5000,92,4
936912,A,3,A3,3000,57,2
620156,C,2,C2,2000,34,4
641750,I,1,I1,5000,97,1
820664,B,2,B2,5000,100,1
663965,E,2,E2,5000,96,4
846830,A,2,A2,1000,1,4
215512,B,2,B2,2000,30,4
617527,H,1,H1,2000,34,1
732190,C,1,C1,2000,37,1
461119,F,1,F1,3000,66,1
499409,G,1,G1,2000,40,4
297065,F,1,F1,1000,11,4
577415,B,2,B2,4000,83,4
914302,A,1,A1,1000,3,4
157272,J,1,J1,2000,25,1
114603,F,1,F1,4000,85,2
917651,B,2,B2,5000,90,3
120468,E,1,E1,1000,11,3
968983,A,1,A1,4000,69,1
877119,H,2,H2,5000,93,2
653978,I,1,I1,1000,10,3
721271,A,1,A1,1000,14,1
532671,A,3,A3,4000,71,3
459764,H,1,H1,4000,82,2
871997,J,1,J1,2000,31,1
793429,E,3,E3,2000,40,1
665584,C,1,C1,4000,82,3
709462,J,1,J1,1000,14,1
513370,F,1,F1,1000,4,2
173220,A,2,A2,1000,4,3
567062,A,2,A2,1000,4,1
668912,B,3,B3,4000,73,3
862080,B,1,B1,5000,97,2
679014,A,1,A1,5000,94,4
412538,A,1,A1,4000,78,1
462583,A,2,A2,3000,50,4
881207,A,1,A1,4000,83,2
727804,B,3,B3,1000,9,2
252669,I,1,I1,5000,89,4
295625,E,2,E2,5000,98,3
369417,G,1,G1,3000,63,2
509927,B,3,B3,1000,16,3
864524,H,1,H1,4000,87,1
113120,F,1,F1,4000,69,2
965337,H,1,H1,4000,85,1
468286,A,1,A1,3000,64,2
281741,I,1,I1,4000,84,1
716052,J,1,J1,3000,56,4
511102,B,2,B2,5000,96,3
264519,B,1,B1,3000,51,1
294074,J,1,J1,4000,88,4
859541,E,2,E2,3000,43,4
778642,A,2,A2,5000,96,3
484025,B,1,B1,2000,35,2
253522,J,1,J1,5000,89,2
312650,A,3,A3,5000,97,3
459974,J,1,J1,2000,30,4
161062,E,3,E3,3000,51,4
701425,G,1,G1,1000,13,1
534700,H,1,H1,5000,99,4
949890,B,1,B1,3000,46,4
951497,B,3,B3,5000,96,2
701865,A,3,A3,5000,99,2
525483,B,1,B1,2000,26,3
226258,C,2,C2,3000,50,1
583641,J,1,J1,2000,26,2
872292,E,3,E3,3000,49,4
556313,C,1,C1,5000,97,1
759990,A,2,A2,4000,67,3
111434,D,1,D1,3000,46,3
176148,A,3,A3,5000,99,4
354674,A,1,A1,2000,37,4
295948,A,1,A1,5000,90,2
585707,A,2,A2,3000,52,2
583676,D,2,D2,3000,46,1
115592,C,2,C2,5000,90,1
294458,A,1,A1,4000,85,1
578576,J,1,J1,2000,23,4
381166,A,3,A3,5000,93,2
997949,J,1,J1,5000,97,2
147349,A,2,A2,5000,99,1
559548,I,1,I1,3000,66,1
188162,H,1,H1,4000,73,3
705905,I,1,I1,4000,86,3
451870,B,1,B1,4000,88,2
498407,J,1,J1,4000,72,1
269348,A,1,A1,5000,92,2
406292,C,1,C1,4000,87,1
975861,G,1,G1,2000,25,3
580084,C,2,C2,3000,65,3
220715,A,1,A1,3000,56,4
342040,A,1,A1,1000,12,4
663717,B,2,B2,2000,25,1
199018,A,1,A1,2000,33,1
513128,J,1,J1,2000,30,2
922181,J,1,J1,1000,22,2
118001,E,2,E2,1000,22,2
474995,G,1,G1,4000,84,1
638154,E,2,E2,1000,5,1
331706,B,2,B2,5000,100,3
632727,I,1,I1,4000,83,4
934503,G,2,G2,4000,79,1
704331,A,2,A2,3000,57,3
555642,B,1,B1,1000,20,3
266386,I,1,I1,4000,85,1
853959,J,1,J1,1000,9,1
861905,B,1,B1,1000,4,4
124998,I,1,I1,2000,34,3
225786,E,1,E1,3000,64,3
248011,B,2,B2,2000,30,3
841147,A,3,A3,3000,51,2
234185,A,2,A2,2000,25,3
939368,A,3,A3,2000,40,4
552380,J,1,J1,5000,89,4
974824,B,3,B3,3000,65,1
569430,C,2,C2,2000,39,1
999111,A,2,A2,4000,85,4
359043,H,1,H1,1000,22,1
970994,J,1,J1,2000,33,2
728507,B,1,B1,4000,70,4
874426,I,1,I1,4000,84,2
583170,J,1,J1,4000,68,3
367135,A,2,A2,4000,81,4
240790,J,1,J1,2000,33,2
660562,C,2,C2,4000,82,2
883814,J,1,J1,2000,30,3
405500,J,1,J1,2000,28,1
667254,J,1,J1,3000,43,1
203213,A,1,A1,2000,27,2
682463,A,1,A1,1000,4,3
254951,H,1,H1,3000,47,2
155697,E,2,E2,4000,86,2
975812,H,1,H1,2000,35,2
133550,D,1,D1,4000,87,1
230348,C,2,C2,3000,64,1
543430,F,1,F1,2000,33,2
785021,C,1,C1,2000,39,4
124559,A,1,A1,4000,86,2
629585,H,1,H1,4000,74,3
380888,A,1,A1,1000,9,3
429454,I,1,I1,2000,31,4
577658,B,3,B3,4000,83,4
368756,G,1,G1,2000,37,3
500404,B,3,B3,2000,27,1
992186,A,3,A3,2000,27,1
642512,A,2,A2,3000,45,1
652206,G,1,G1,3000,55,4
973438,B,2,B2,5000,93,1
802586,A,2,A2,4000,69,3
732184,E,1,E1,2000,31,3
597271,B,2,B2,3000,46,3
803855,A,1,A1,2000,34,4
914819,J,1,J1,1000,10,3
836255,H,1,H1,4000,68,1
118609,D,1,D1,2000,30,3
105886,H,1,H1,5000,92,1
607425,B,1,B1,5000,91,1
206626,H,2,H2,3000,44,4
890083,F,1,F1,5000,91,1
355792,C,2,C2,2000,34,4
785993,A,1,A1,3000,63,4
400488,E,3,E3,3000,58,3
768552,H,2,H2,3000,51,4
928872,J,1,J1,2000,30,4
903300,B,2,B2,1000,10,1
839610,A,1,A1,3000,56,3
595717,F,1,F1,4000,74,2
173463,J,1,J1,2000,38,3
743682,B,2,B2,1000,22,1
461055,E,2,E2,1000,20,3
654641,C,1,C1,3000,45,2
329417,I,1,I1,2000,27,3
998174,A,1,A1,2000,33,4
854569,A,1,A1,3000,54,3
728256,A,1,A1,5000,97,4
867928,A,1,A1,2000,24,2
657294,D,1,D1,3000,51,1
762516,J,1,J1,5000,91,2
846950,J,1,J1,5000,93,1
256928,B,1,B1,5000,92,2
887344,E,1,E1,1000,18,2
879978,J,1,J1,5000,94,4
230503,E,2,E2,1000,11,1
624244,F,1,F1,2000,33,1
172172,A,2,A2,4000,78,4
914610,F,1,F1,4000,88,1
446215,C,1,C1,3000,61,3
297330,G,2,G2,4000,68,4
238734,J,1,J1,2000,34,2
218343,F,1,F1,5000,100,2
578558,A,1,A1,3000,45,2
618796,B,3,B3,1000,5,1
272909,D,1,D1,2000,33,1
927436,A,1,A1,1000,9,1
950498,A,1,A1,1000,21,1
200604,A,2,A2,5000,89,2
326495,B,1,B1,3000,51,2
907876,J,1,J1,1000,10,4
493658,B,1,B1,4000,77,2
683342,B,2,B2,1000,9,2
511194,A,1,A1,1000,22,2
985836,A,3,A3,1000,12,2
113974,B,1,B1,2000,26,4
237837,E,3,E3,4000,82,1
990591,B,2,B2,5000,91,3
641246,E,3,E3,5000,91,2
527264,A,3,A3,5000,95,2
523026,B,1,B1,3000,62,1
793036,H,2,H2,3000,65,3
444877,B,2,B2,2000,30,3
446449,A,3,A3,1000,18,4
203101,J,1,J1,3000,60,2
566815,A,2,A2,2000,24,3
720948,J,1,J1,5000,96,2
415877,J,1,J1,2000,28,2
693586,H,2,H2,4000,75,1
553235,A,2,A2,1000,22,3
909669,A,3,A3,2000,39,2
695801,C,1,C1,2000,29,3
277480,B,3,B3,2000,40,1
870911,E,1,E1,5000,100,3
602747,G,1,G1,1000,2,4
584094,E,1,E1,1000,11,3
129676,J,1,J1,4000,83,3
805507,A,2,A2,4000,84,1
281979,H,1,H1,1000,11,1
739257,E,2,E2,4000,78,2
131844,A,3,A3,4000,84,4
975148,H,1,H1,5000,92,4
393725,A,2,A2,1000,14,1
139719,A,1,A1,2000,34,1
881925,F,1,F1,4000,78,3
625469,C,1,C1,2000,25,3
408403,A,2,A2,5000,94,2
292884,E,2,E2,5000,89,4
937483,A,1,A1,1000,21,1
927995,B,3,B3,5000,93,3
785631,G,2,G2,3000,50,3
375704,J,1,J1,3000,46,4
385710,E,3,E3,2000,32,2
722349,B,1,B1,5000,97,4
496236,A,1,A1,4000,88,2
434724,A,1,A1,4000,74,3
576114,J,1,J1,3000,55,1
816044,D,1,D1,2000,33,1
700001,I,1,I1,1000,21,4
297790,I,1,I1,5000,93,4
513635,A,2,A2,3000,46,2
946081,C,1,C1,1000,4,1
577925,C,1,C1,3000,45,4
147528,E,2,E2,3000,50,2
971875,A,1,A1,1000,1,3
294469,B,3,B3,3000,62,4
754247,E,1,E1,5000,96,3
223570,E,2,E2,1000,14,3
366380,B,1,B1,4000,86,1
575979,A,1,A1,3000,63,1
170038,J,1,J1,2000,38,2
215600,J,1,J1,4000,67,1
349435,E,3,E3,4000,72,4
453035,E,3,E3,1000,10,4
500748,A,2,A2,2000,27,4
214306,H,2,H2,1000,14,1
919976,J,1,J1,2000,32,4
561530,A,2,A2,1000,5,4
442933,A,3,A3,3000,54,2
246015,B,2,B2,4000,80,4
498613,A,3,A3,5000,97,3
587763,B,2,B2,5000,97,2
257646,G,1,G1,1000,21,3
287264,G,1,G1,1000,1,1
613549,J,1,J1,3000,59,2
639426,E,1,E1,2000,26,1
584404,J,1,J1,3000,59,1
101672,C,1,C1,3000,47,1
700797,C,1,C1,1000,2,2
218020,F,1,F1,5000,96,3
239359,D,1,D1,4000,78,4
515498,F,1,F1,2000,29,4
660015,B,2,B2,4000,80,1
334545,J,1,J1,1000,6,1
831136,C,1,C1,5000,90,3
735693,E,3,E3,5000,89,3
944963,C,1,C1,5000,99,3
387661,J,1,J1,4000,68,4
933439,B,2,B2,3000,46,2
942136,I,1,I1,5000,100,1
202200,E,2,E2,1000,19,2
113226,A,3,A3,3000,42,2
855370,A,2,A2,3000,49,3
282443,H,1,H1,5000,95,4
478498,E,1,E1,4000,77,4
302320,B,2,B2,3000,51,1
349541,F,1,F1,2000,26,2
571466,E,2,E2,4000,71,1
899254,E,2,E2,2000,30,4
544192,A,3,A3,5000,97,3
487949,H,2,H2,3000,52,4
197666,E,1,E1,2000,36,1
633852,A,3,A3,2000,36,1
911794,A,1,A1,2000,32,1
582459,C,1,C1,5000,96,4
272984,A,3,A3,3000,42,1
300721,E,3,E3,3000,60,4
227431,J,1,J1,5000,93,4
848096,A,3,A3,1000,13,3
874196,A,2,A2,5000,93,1
204778,E,1,E1,1000,3,3
533564,A,3,A3,1000,9,3
866236,J,1,J1,4000,82,3
789721,G,2,G2,1000,15,4
585933,I,1,I1,5000,96,3
590142,A,1,A1,3000,52,1
170300,E,1,E1,3000,46,2
642115,J,1,J1,3000,45,4
528369,H,2,H2,5000,93,4
978226,J,1,J1,5000,99,3
226252,J,1,J1,2000,29,3
596822,A,2,A2,2000,27,3
436554,A,1,A1,1000,5,4
796603,A,3,A3,3000,46,1
657757,B,2,B2,4000,79,3
197206,A,1,A1,5000,99,1
567766,A,1,A1,3000,43,3
896729,E,3,E3,4000,83,4
415844,A,1,A1,2000,34,4
140380,C,2,C2,4000,67,1
702809,G,2,G2,1000,22,2
590883,E,2,E2,4000,73,1
201463,E,3,E3,3000,46,3
478703,B,1,B1,2000,26,4
688161,B,3,B3,3000,52,1
192479,H,1,H1,5000,91,1
625030,D,2,D2,1000,20,4
946811,J,1,J1,3000,50,3
117839,J,1,J1,2000,35,2
446445,A,1,A1,4000,87,1
823174,A,3,A3,3000,51,4
992319,J,1,J1,3000,43,2
360920,A,1,A1,1000,5,1
806678,B,2,B2,4000,70,3
366122,A,3,A3,1000,7,3
865414,B,2,B2,2000,36,1
121276,H,1,H1,2000,23,4
870017,E,2,E2,2000,35,3
448001,B,3,B3,3000,45,2
806500,C,1,C1,1000,6,4
196710,F,1,F1,2000,35,3
984199,B,1,B1,5000,91,4
297379,G,1,G1,2000,31,1
835655,H,1,H1,4000,68,2
414997,A,2,A2,1000,4,4
377749,A,2,A2,5000,96,1
694864,J,1,J1,2000,23,4
601131,H,2,H2,1000,20,4
855235,J,1,J1,4000,85,3
675042,A,3,A3,5000,95,4
146849,D,1,D1,3000,41,3
696544,G,2,G2,5000,90,4
671697,H,1,H1,3000,48,2
714633,D,2,D2,2000,27,1
418124,A,2,A2,4000,82,2
229519,J,1,J1,5000,96,1
250069,C,1,C1,2000,30,2
195479,F,1,F1,4000,75,4
190271,H,1,H1,2000,32,2
560528,E,1,E1,1000,17,4
793917,E,1,E1,1000,10,2
194260,G,2,G2,3000,47,4
185965,E,2,E2,5000,99,4
360422,E,3,E3,1000,17,4
850652,G,1,G1,3000,48,1
127220,H,1,H1,3000,51,4
239110,B,1,B1,5000,100,4
165252,A,1,A1,1000,20,3
387691,C,1,C1,4000,68,4
188497,A,2,A2,1000,13,2
685676,B,2,B2,2000,34,2
359429,E,2,E2,2000,38,4
601887,C,1,C1,4000,78,3
418713,A,2,A2,1000,8,2
497229,G,2,G2,3000,55,4
466566,I,1,I1,4000,71,3
926951,I,1,I1,2000,28,4
672582,J,1,J1,1000,16,4
232094,F,1,F1,3000,47,2
380543,F,1,F1,5000,89,1
264107,J,1,J1,4000,74,3
484955,C,1,C1,4000,82,4
937199,E,1,E1,1000,14,1
309048,F,1,F1,3000,44,4
900127,C,1,C1,5000,93,1
431217,A,1,A1,3000,51,1
216105,J,1,J1,5000,94,4
924962,A,1,A1,2000,24,4
596352,B,2,B2,4000,68,1
481821,A,3,A3,1000,12,4
967740,A,1,A1,1000,10,4
487864,A,2,A2,3000,52,1
410132,C,1,C1,4000,83,2
599202,A,1,A1,1000,19,4
273012,C,2,C2,2000,24,1
896417,H,1,H1,4000,71,3
850352,C,1,C1,1000,17,1
298846,C,2,C2,5000,98,4
404622,G,2,G2,1000,22,1
890338,A,2,A2,2000,29,3
237342,D,1,D1,3000,53,1
630339,A,2,A2,5000,94,4
999142,G,2,G2,4000,76,3
963466,B,2,B2,3000,58,3
489209,J,1,J1,5000,98,3
952931,A,3,A3,3000,61,1
406277,B,3,B3,1000,18,2
196219,J,1,J1,5000,91,3
108863,A,2,A2,5000,91,3
430414,A,2,A2,5000,98,2
236279,J,1,J1,2000,25,2
824250,A,1,A1,1000,10,2
388979,B,2,B2,2000,31,4
875052,A,2,A2,1000,12,2
811417,G,2,G2,5000,100,1
278133,F,1,F1,3000,66,2
487355,E,2,E2,1000,21,1
535003,D,1,D1,4000,68,3
969175,F,1,F1,1000,1,4
231781,G,2,G2,5000,89,3
836986,A,1,A1,3000,61,4
139981,I,1,I1,4000,81,2
878280,A,1,A1,4000,68,3
907995,A,3,A3,5000,92,3
397073,F,1,F1,4000,82,2
276829,C,1,C1,5000,99,2
656989,B,3,B3,1000,4,1
175581,A,3,A3,3000,45,3
430481,B,3,B3,4000,85,3
329655,D,1,D1,2000,29,4
117817,J,1,J1,2000,24,1
484291,C,1,C1,2000,24,1
659481,H,1,H1,4000,82,3
386947,I,1,I1,4000,71,2
916167,D,1,D1,3000,53,1
888077,J,1,J1,5000,97,4
808536,C,1,C1,4000,70,3
659650,H,2,H2,2000,29,3
162605,A,1,A1,3000,52,3
874574,J,1,J1,5000,91,3
485413,D,1,D1,3000,60,2
672718,F,1,F1,5000,91,4
603674,J,1,J1,2000,38,2
557555,A,3,A3,3000,44,1
952202,B,2,B2,3000,44,1
475593,B,1,B1,3000,55,1
787436,E,3,E3,5000,97,2
694452,A,1,A1,4000,77,2
193453,I,1,I1,2000,26,4
188712,B,3,B3,3000,45,2
636184,C,1,C1,5000,99,2
598017,A,3,A3,5000,98,3
269292,I,1,I1,1000,4,3
224984,E,1,E1,5000,99,1
923574,J,1,J1,3000,49,1
703835,J,1,J1,5000,98,4
221648,E,1,E1,4000,84,4
488789,A,3,A3,3000,64,1
239862,I,1,I1,5000,89,3
133525,E,1,E1,3000,50,3
383545,G,1,G1,3000,56,3
394236,D,2,D2,2000,40,1
798292,A,2,A2,3000,57,2
160584,H,1,H1,4000,71,2
496620,E,3,E3,3000,63,1
398430,D,2,D2,5000,95,4
962565,A,3,A3,3000,55,2
689354,E,1,E1,5000,93,2
991211,J,1,J1,3000,60,3
574038,G,1,G1,3000,43,4
340908,H,1,H1,5000,89,2
216724,E,1,E1,4000,74,4
836832,F,1,F1,4000,78,2
896725,A,3,A3,1000,9,3
915404,A,1,A1,5000,99,3
620102,C,2,C2,3000,47,4
152433,A,1,A1,1000,13,2
541110,J,1,J1,2000,27,4
905408,A,2,A2,5000,91,4
160637,E,3,E3,4000,84,1
605394,C,2,C2,2000,26,2
243365,A,2,A2,1000,18,1
340241,H,1,H1,3000,43,1
683020,A,3,A3,3000,51,2
787896,B,2,B2,1000,19,3
809960,A,2,A2,1000,13,1
218643,A,1,A1,3000,54,1
501579,H,2,H2,2000,23,2
762480,H,2,H2,2000,31,3
429536,G,2,G2,5000,91,4
415518,I,1,I1,3000,60,1
587243,A,3,A3,4000,69,3
577132,I,1,I1,2000,37,2
474140,I,1,I1,1000,3,1
639772,C,1,C1,4000,72,3
689471,B,3,B3,1000,2,1
941005,A,2,A2,4000,70,4
513194,E,1,E1,1000,16,1
405401,F,1,F1,5000,94,1
848223,J,1,J1,5000,96,4
293242,D,1,D1,1000,8,4
916123,C,2,C2,3000,62,1
210036,E,1,E1,5000,95,1
438252,J,1,J1,4000,72,1
271867,A,1,A1,3000,64,4
719786,B,1,B1,3000,44,3